node,total_trips,min_daily_trips,max_daily_trips,mean_daily_trips
C0044,12.0,12.0,12.0,12.0
C0045,12.0,12.0,12.0,12.0
C0046,9.0,9.0,9.0,9.0
C0047,9.0,9.0,9.0,9.0
C0048,9.0,9.0,9.0,9.0
C0049,9.0,9.0,9.0,9.0
C0050,12.0,12.0,12.0,12.0
C0051,9.0,9.0,9.0,9.0
C0052,9.0,9.0,9.0,9.0
C0053,12.0,12.0,12.0,12.0
C0054,12.0,12.0,12.0,12.0
C0055,12.0,12.0,12.0,12.0
C0056,12.0,12.0,12.0,12.0
C0082,12.0,12.0,12.0,12.0
C0083,12.0,12.0,12.0,12.0
C0084,9.0,9.0,9.0,9.0
C0085,9.0,9.0,9.0,9.0
C0086,9.0,9.0,9.0,9.0
C0087,12.0,12.0,12.0,12.0
C0088,9.0,9.0,9.0,9.0
C0089,9.0,9.0,9.0,9.0
C0090,9.0,9.0,9.0,9.0
C0091,9.0,9.0,9.0,9.0
C0092,12.0,12.0,12.0,12.0
C0093,12.0,12.0,12.0,12.0
C0119,12.0,12.0,12.0,12.0
C0120,12.0,12.0,12.0,12.0
C0121,11.99999999999995,11.99999999999995,11.99999999999995,11.99999999999995
C0122,9.0,9.0,9.0,9.0
C0123,9.0,9.0,9.0,9.0
C0124,9.0,9.0,9.0,9.0
C0125,9.0,9.0,9.0,9.0
C0126,9.000000001094394,9.000000001094394,9.000000001094394,9.000000001094394
C0127,9.0,9.0,9.0,9.0
C0128,9.000015312443319,9.000015312443319,9.000015312443319,9.000015312443319
C0129,12.0,12.0,12.0,12.0
C0130,12.0,12.0,12.0,12.0
C0131,11.999999999708322,11.999999999708322,11.999999999708322,11.999999999708322
C0157,11.99999999918212,11.99999999918212,11.99999999918212,11.99999999918212
C0158,12.0,12.0,12.0,12.0
C0159,12.0,12.0,12.0,12.0
C0160,9.000000001202551,9.000000001202551,9.000000001202551,9.000000001202551
C0161,9.0,9.0,9.0,9.0
C0162,9.0,9.0,9.0,9.0
C0163,9.0,9.0,9.0,9.0
C0164,9.0,9.0,9.0,9.0
C0165,12.0,12.0,12.0,12.0
C0166,9.0,9.0,9.0,9.0
C0167,12.0,12.0,12.0,12.0
C0168,12.0,12.0,12.0,12.0
C0194,12.0,12.0,12.0,12.0
C0195,12.0,12.0,12.0,12.0
C0196,9.0,9.0,9.0,9.0
C0197,9.0,9.0,9.0,9.0
C0198,9.0,9.0,9.0,9.0
C0199,12.0,12.0,12.0,12.0
C0200,12.0,12.0,12.0,12.0
C0201,12.0,12.0,12.0,12.0
C0202,12.0,12.0,12.0,12.0
C0203,9.0,9.0,9.0,9.0
C0204,12.0,12.0,12.0,12.0
C0205,12.0,12.0,12.0,12.0
C0206,12.0,12.0,12.0,12.0
C0232,12.0,12.0,12.0,12.0
C0233,12.0,12.0,12.0,12.0
C0234,12.0,12.0,12.0,12.0
C0235,9.0,9.0,9.0,9.0
C0236,12.0,12.0,12.0,12.0
C0237,9.0,9.0,9.0,9.0
C0238,9.0,9.0,9.0,9.0
C0239,9.0,9.0,9.0,9.0
C0240,9.0,9.0,9.0,9.0
C0241,12.0,12.0,12.0,12.0
C0242,12.0,12.0,12.0,12.0
C0243,9.0,9.0,9.0,9.0
C0268,12.0,12.0,12.0,12.0
C0269,12.0,12.0,12.0,12.0
C0270,9.0,9.0,9.0,9.0
C0271,12.0,12.0,12.0,12.0
C0272,12.0,12.0,12.0,12.0
C0273,9.0,9.0,9.0,9.0
C0274,9.0,9.0,9.0,9.0
C0275,12.0,12.0,12.0,12.0
C0276,9.0,9.0,9.0,9.0
C0277,12.0,12.0,12.0,12.0
C0278,12.0,12.0,12.0,12.0
C0279,12.0,12.0,12.0,12.0
C0280,12.0,12.0,12.0,12.0
C0305,12.0,12.0,12.0,12.0
C0306,12.0,12.0,12.0,12.0
C0307,12.0,12.0,12.0,12.0
C0308,9.0,9.0,9.0,9.0
C0309,9.0,9.0,9.0,9.0
C0310,9.0,9.0,9.0,9.0
C0311,9.0,9.0,9.0,9.0
C0312,12.0,12.0,12.0,12.0
C0313,9.0,9.0,9.0,9.0
C0314,9.0,9.0,9.0,9.0
C0315,9.0,9.0,9.0,9.0
C0316,12.0,12.0,12.0,12.0
C0409,12.0,12.0,12.0,12.0
C0410,12.0,12.0,12.0,12.0
C0411,12.0,12.0,12.0,12.0
C0412,12.0,12.0,12.0,12.0
C0413,9.0,9.0,9.0,9.0
C0414,9.0,9.0,9.0,9.0
C0415,9.0,9.0,9.0,9.0
C0416,12.0,12.0,12.0,12.0
C0417,12.0,12.0,12.0,12.0
C0418,12.0,12.0,12.0,12.0
C0419,12.0,12.0,12.0,12.0
C0440,12.0,12.0,12.0,12.0
C0441,12.0,12.0,12.0,12.0
C0442,12.0,12.0,12.0,12.0
C0443,12.0,12.0,12.0,12.0
C0444,12.0,12.0,12.0,12.0
C0445,12.0,12.0,12.0,12.0
C0446,12.0,12.0,12.0,12.0
C0447,9.0,9.0,9.0,9.0
C0448,12.0,12.0,12.0,12.0
C0449,12.0,12.0,12.0,12.0
C0450,12.0,12.0,12.0,12.0
C0451,12.0,12.0,12.0,12.0
C0472,12.0,12.0,12.0,12.0
C0473,12.0,12.0,12.0,12.0
C0474,12.0,12.0,12.0,12.0
C0475,12.0,12.0,12.0,12.0
C0476,12.0,12.0,12.0,12.0
C0477,9.0,9.0,9.0,9.0
C0478,9.0,9.0,9.0,9.0
C0479,9.0,9.0,9.0,9.0
C0480,12.0,12.0,12.0,12.0
C0481,12.0,12.0,12.0,12.0
C0482,12.0,12.0,12.0,12.0
C0483,12.0,12.0,12.0,12.0
C0499,12.0,12.0,12.0,12.0
C0500,12.0,12.0,12.0,12.0
C0501,12.0,12.0,12.0,12.0
C0502,12.0,12.0,12.0,12.0
C0503,12.0,12.0,12.0,12.0
C0504,12.0,12.0,12.0,12.0
C0505,9.0,9.0,9.0,9.0
C0506,9.0,9.0,9.0,9.0
C0507,9.0,9.0,9.0,9.0
C0508,12.0,12.0,12.0,12.0
C0509,12.0,12.0,12.0,12.0
C0510,12.0,12.0,12.0,12.0
C0527,12.0,12.0,12.0,12.0
C0528,12.0,12.0,12.0,12.0
C0529,9.0,9.0,9.0,9.0
C0530,9.0,9.0,9.0,9.0
C0531,9.0,9.0,9.0,9.0
C0532,9.0,9.0,9.0,9.0
C0533,9.0,9.0,9.0,9.0
C0534,12.0,12.0,12.0,12.0
C0535,12.0,12.0,12.0,12.0
C0536,12.0,12.0,12.0,12.0
C0537,12.0,12.0,12.0,12.0
C0538,12.0,12.0,12.0,12.0
C0554,12.0,12.0,12.0,12.0
C0555,12.0,12.0,12.0,12.0
C0556,12.0,12.0,12.0,12.0
C0557,12.0,12.0,12.0,12.0
C0558,9.0,9.0,9.0,9.0
C0559,12.0,12.0,12.0,12.0
C0560,12.0,12.0,12.0,12.0
C0561,9.0,9.0,9.0,9.0
C0562,12.0,12.0,12.0,12.0
C0563,12.0,12.0,12.0,12.0
C0564,9.0,9.0,9.0,9.0
C0565,12.0,12.0,12.0,12.0
C0582,12.000000000808443,12.000000000808443,12.000000000808443,12.000000000808443
C0583,12.0,12.0,12.0,12.0
C0584,12.0,12.0,12.0,12.0
C0585,11.99999999992784,11.99999999992784,11.99999999992784,11.99999999992784
C0586,12.0,12.0,12.0,12.0
C0587,12.0,12.0,12.0,12.0
C0588,9.0,9.0,9.0,9.0
C0589,9.000000000629095,9.000000000629095,9.000000000629095,9.000000000629095
C0590,12.0,12.0,12.0,12.0
C0591,12.0,12.0,12.0,12.0
C0592,11.999999999741592,11.999999999741592,11.999999999741592,11.999999999741592
C0593,12.000000000494566,12.000000000494566,12.000000000494566,12.000000000494566
C0610,11.999999999849653,11.999999999849653,11.999999999849653,11.999999999849653
C0611,12.0,12.0,12.0,12.0
C0612,12.0,12.0,12.0,12.0
C0613,9.0,9.0,9.0,9.0
C0614,9.0,9.0,9.0,9.0
C0615,9.0,9.0,9.0,9.0
C0616,9.000001290317476,9.000001290317476,9.000001290317476,9.000001290317476
C0617,9.0,9.0,9.0,9.0
C0618,11.999999999904393,11.999999999904393,11.999999999904393,11.999999999904393
C0619,12.0,12.0,12.0,12.0
C0620,11.999999999814221,11.999999999814221,11.999999999814221,11.999999999814221
N2593,12.0,12.0,12.0,12.0
N2594,12.0,12.0,12.0,12.0
N2595,12.0,12.0,12.0,12.0
N2596,12.0,12.0,12.0,12.0
N2597,11.999999999676099,11.999999999676099,11.999999999676099,11.999999999676099
N2598,12.0,12.0,12.0,12.0
N2599,12.0,12.0,12.0,12.0
N2600,9.0,9.0,9.0,9.0
N2601,12.0,12.0,12.0,12.0
N2602,12.0,12.0,12.0,12.0
N2603,12.0,12.0,12.0,12.0
N2630,11.99999999934515,11.99999999934515,11.99999999934515,11.99999999934515
N2631,12.0,12.0,12.0,12.0
N2632,12.0,12.0,12.0,12.0
N2633,12.0,12.0,12.0,12.0
N2634,9.0,9.0,9.0,9.0
N2635,9.000001311285525,9.000001311285525,9.000001311285525,9.000001311285525
N2636,9.0,9.0,9.0,9.0
N2637,12.0,12.0,12.0,12.0
N2638,9.0,9.0,9.0,9.0
N2639,12.0,12.0,12.0,12.0
N2640,12.0,12.0,12.0,12.0
N2668,12.0,12.0,12.0,12.0
N2669,12.0,12.0,12.0,12.0
N2670,12.0,12.0,12.0,12.0
N2671,12.0,12.0,12.0,12.0
N2672,12.0,12.0,12.0,12.0
N2673,12.0,12.0,12.0,12.0
N2674,9.0,9.0,9.0,9.0
N2675,9.0,9.0,9.0,9.0
N2676,9.0,9.0,9.0,9.0
N2677,12.0,12.0,12.0,12.0
N2678,12.0,12.0,12.0,12.0
N2679,12.0,12.0,12.0,12.0
N2705,12.0,12.0,12.0,12.0
N2706,12.0,12.0,12.0,12.0
N2707,12.0,12.0,12.0,12.0
N2708,12.0,12.0,12.0,12.0
N2709,12.0,12.0,12.0,12.0
N2710,9.0,9.0,9.0,9.0
N2711,9.0,9.0,9.0,9.0
N2712,12.0,12.0,12.0,12.0
N2713,9.0,9.0,9.0,9.0
N2714,12.0,12.0,12.0,12.0
N2715,12.0,12.0,12.0,12.0
N2716,12.0,12.0,12.0,12.0
N2744,12.0,12.0,12.0,12.0
N2745,12.0,12.0,12.0,12.0
N2746,12.0,12.0,12.0,12.0
N2747,12.0,12.0,12.0,12.0
N2748,12.0,12.0,12.0,12.0
N2749,12.0,12.0,12.0,12.0
N2750,9.0,9.0,9.0,9.0
N2751,9.0,9.0,9.0,9.0
N2752,12.0,12.0,12.0,12.0
N2753,9.0,9.0,9.0,9.0
N2754,12.0,12.0,12.0,12.0
N2755,12.0,12.0,12.0,12.0
N2781,12.0,12.0,12.0,12.0
N2782,12.0,12.0,12.0,12.0
N2783,12.0,12.0,12.0,12.0
N2784,9.0,9.0,9.0,9.0
N2785,12.0,12.0,12.0,12.0
N2786,12.0,12.0,12.0,12.0
N2787,9.0,9.0,9.0,9.0
N2788,12.0,12.0,12.0,12.0
N2789,12.0,12.0,12.0,12.0
N2790,9.0,9.0,9.0,9.0
N2791,9.0,9.0,9.0,9.0
N2792,12.0,12.0,12.0,12.0
N2820,12.0,12.0,12.0,12.0
N2821,12.0,12.0,12.0,12.0
N2822,12.0,12.0,12.0,12.0
N2823,12.0,12.0,12.0,12.0
N2824,9.0,9.0,9.0,9.0
N2825,9.000001348209532,9.000001348209532,9.000001348209532,9.000001348209532
N2826,9.0,9.0,9.0,9.0
N2827,9.0,9.0,9.0,9.0
N2828,9.0,9.0,9.0,9.0
N2829,12.0,12.0,12.0,12.0
N2830,12.0,12.0,12.0,12.0
N2831,12.0,12.0,12.0,12.0
N2857,12.0,12.0,12.0,12.0
N2858,12.000000000498684,12.000000000498684,12.000000000498684,12.000000000498684
N2859,12.0,12.0,12.0,12.0
N2860,9.0,9.0,9.0,9.0
N2861,9.0,9.0,9.0,9.0
N2862,9.0,9.0,9.0,9.0
N2863,9.0,9.0,9.0,9.0
N2864,12.0,12.0,12.0,12.0
N2865,9.0,9.0,9.0,9.0
N2866,9.0,9.0,9.0,9.0
N2867,12.0,12.0,12.0,12.0
N2868,12.0,12.0,12.0,12.0
