lhd,node,day,t,value
LH518B_10,N2786,1,5,0.9992624442243189
LH518B_2,C0558,1,5,0.9963785504510311
LH518B_11,N2679,1,3,0.9962653322519281
LH518B_9,N2865,1,9,0.9955915587693901
LH518B_6,C0237,1,5,0.993754311865634
LH518B_6,C0198,1,133,0.9897024527492517
LH518B_10,N2752,1,74,0.9868071722825524
LH518B_1,C0616,1,47,0.9847475585324048
LH518B_5,C0274,1,8,0.9820882574160246
LH518B_2,C0561,1,2,0.981524346499737
LH518B_5,C0277,1,47,0.9781328637159058
LH518B_7,C0162,1,9,0.9775057493250203
LH518B_10,N2749,1,9,0.9772181187799133
LH518B_12,N2598,1,43,0.9737129462498821
LH518B_1,C0610,1,7,0.9725960294723528
LH518B_9,N2867,1,7,0.9721519077769947
LH518B_12,N2640,1,133,0.9712602659509552
LH518B_7,C0121,1,7,0.9712248483427744
LH518B_2,C0557,1,152,0.9709097645917888
LH518B_9,N2822,1,109,0.9708932135048193
LH518B_12,N2595,1,25,0.9708932135048192
LH518B_9,N2822,1,154,0.9708932135048192
LH518B_9,N2822,1,103,0.9708932135048192
LH518B_12,N2595,1,44,0.9708932135048192
LH518B_5,C0278,1,80,0.9707909147663587
LH518B_2,C0565,1,69,0.970769273633347
LH518B_5,C0308,1,37,0.9706943446704431
LH518B_5,C0308,1,123,0.9706943446704431
LH518B_7,C0167,1,148,0.9706621589078305
LH518B_7,C0167,1,94,0.9706621589078304
LH518B_7,C0167,1,12,0.9706621589078304
LH518B_5,C0305,1,54,0.9706535385090753
LH518B_1,C0584,1,115,0.9706478249106929
LH518B_1,C0584,1,109,0.9706478249106929
LH518B_1,C0584,1,102,0.9706478249106929
LH518B_3,C0502,1,149,0.9705878601797385
LH518B_3,C0502,1,123,0.9705878601797385
LH518B_11,N2671,1,39,0.9705713200658572
LH518B_11,N2671,1,83,0.9705713200658572
LH518B_11,N2671,1,29,0.9705713200658572
LH518B_3,C0499,1,40,0.9705115763151495
LH518B_3,C0499,1,115,0.9705115763151495
LH518B_1,C0620,1,159,0.9703402393419776
LH518B_1,C0620,1,79,0.9703402393419774
LH518B_6,C0235,1,12,0.9703189768665694
LH518B_6,C0235,1,108,0.9703189768665694
LH518B_10,N2783,1,154,0.970285731879304
LH518B_10,N2783,1,19,0.970285731879304
LH518B_2,C0529,1,158,0.9702188979381218
LH518B_6,C0243,1,70,0.9701796284688988
LH518B_9,N2867,1,119,0.9701589861903672
LH518B_4,C0443,1,19,0.9701589861903671
LH518B_4,C0443,1,97,0.9701589861903671
LH518B_6,C0232,1,65,0.9701531546710558
LH518B_6,C0232,1,38,0.9701531546710558
LH518B_4,C0418,1,107,0.9700353050576904
LH518B_4,C0418,1,90,0.9700353050576904
LH518B_9,N2859,1,68,0.9700187124079803
LH518B_5,C0270,1,59,0.9700081776830344
LH518B_5,C0270,1,98,0.9700081776830344
LH518B_12,N2632,1,18,0.9699642410609313
LH518B_7,C0159,1,52,0.9699438992601683
LH518B_7,C0159,1,114,0.9699438992601683
LH518B_7,C0159,1,30,0.9699438992601683
LH518B_4,C0440,1,83,0.9699399183857523
LH518B_5,C0316,1,150,0.9699117632432281
LH518B_5,C0316,1,119,0.9699117632432281
LH518B_5,C0316,1,62,0.9699117632432281
LH518B_3,C0474,1,127,0.9698974513999001
LH518B_3,C0474,1,59,0.9698974513999001
LH518B_3,C0474,1,32,0.9698974513999001
LH518B_11,N2708,1,25,0.9696973984824129
LH518B_6,C0196,1,82,0.9696868707354249
LH518B_6,C0196,1,149,0.9696868707354249
LH518B_3,C0481,1,39,0.969606919136998
LH518B_10,N2791,1,90,0.9695651305622796
LH518B_10,N2791,1,85,0.9695651305622796
LH518B_10,N2791,1,83,0.9695651305622794
LH518B_8,C0053,1,62,0.9695477038202802
LH518B_8,C0053,1,158,0.9695477038202802
LH518B_8,C0084,1,118,0.969515594050904
LH518B_8,C0084,1,128,0.9695155940509039
LH518B_9,N2830,1,58,0.9694691872012391
LH518B_4,C0411,1,50,0.9694691872012391
LH518B_4,C0411,1,102,0.9694691872012391
LH518B_11,N2715,1,32,0.9694093680052622
LH518B_11,N2715,1,93,0.9694093680052622
LH518B_11,N2705,1,50,0.9693248434817636
LH518B_11,N2705,1,163,0.9693248434817636
LH518B_2,C0536,1,75,0.9692858779173688
LH518B_2,C0536,1,18,0.9692858779173688
LH518B_7,C0121,1,149,0.9692587924419171
LH518B_7,C0128,1,39,0.9691839175964791
LH518B_7,C0128,1,105,0.9691839175964791
LH518B_4,C0450,1,64,0.9691623480506
LH518B_4,C0450,1,137,0.9691623480506
LH518B_8,C0056,1,44,0.9691254141818679
LH518B_10,N2747,1,143,0.9688581535174233
LH518B_1,C0591,1,143,0.9688581535174233
LH518B_10,N2747,1,98,0.9688581535174233
LH518B_1,C0591,1,14,0.9688581535174233
LH518B_12,N2639,1,77,0.9688164294577009
LH518B_8,C0046,1,68,0.968766969419321
LH518B_8,C0046,1,135,0.968766969419321
LH518B_6,C0203,1,47,0.9687562831576157
LH518B_8,C0091,1,157,0.968734911341457
LH518B_8,C0091,1,55,0.9687349113414568
LH518B_8,C0091,1,52,0.9687349113414568
LH518B_3,C0509,1,112,0.9687347326416502
LH518B_11,N2678,1,138,0.9687206342076323
LH518B_11,N2678,1,19,0.9687206342076323
LH518B_7,C0131,1,88,0.9686408488195347
LH518B_2,C0558,1,65,0.9685540787341084
LH518B_9,N2823,1,88,0.9685376078637216
LH518B_12,N2596,1,69,0.9685376078637216
LH518B_9,N2823,1,147,0.9685376078637216
LH518B_12,N2596,1,138,0.9685376078637216
LH518B_5,C0277,1,35,0.9684358048966144
LH518B_5,C0309,1,77,0.9683397027615176
LH518B_5,C0309,1,107,0.9683397027615176
LH518B_7,C0166,1,154,0.9683076729548504
LH518B_7,C0166,1,147,0.9683076729548504
LH518B_1,C0585,1,24,0.968293408411363
LH518B_3,C0503,1,24,0.9682337342211836
LH518B_3,C0503,1,110,0.9682337342211836
LH518B_3,C0503,1,124,0.9682337342211836
LH518B_11,N2672,1,63,0.9682172742442219
LH518B_10,N2744,1,15,0.9682070318403252
LH518B_12,N2602,1,32,0.9681866608356156
LH518B_12,N2602,1,124,0.9681866608356156
LH518B_6,C0206,1,14,0.9680713919391538
LH518B_1,C0619,1,38,0.9679873129650938
LH518B_6,C0236,1,67,0.9679661534800295
LH518B_6,C0236,1,112,0.9679661534800295
LH518B_10,N2784,1,38,0.9679330695190218
LH518B_2,C0530,1,147,0.9678665592797671
LH518B_6,C0242,1,135,0.9678274799969991
LH518B_6,C0242,1,153,0.9678274799969991
LH518B_6,C0242,1,54,0.967827479996999
LH518B_4,C0444,1,162,0.967806937688268
LH518B_9,N2866,1,79,0.967806937688268
LH518B_9,N2866,1,94,0.967806937688268
LH518B_4,C0444,1,54,0.967806937688268
LH518B_2,C0555,1,70,0.9678021857954114
LH518B_9,N2820,1,55,0.9677802588426664
LH518B_4,C0417,1,45,0.9676838554944056
LH518B_4,C0417,1,155,0.9676838554944056
LH518B_9,N2860,1,52,0.9676673431905481
LH518B_9,N2860,1,110,0.9676673431905481
LH518B_5,C0271,1,14,0.9676568594767233
LH518B_5,C0280,1,15,0.9676447384833614
LH518B_12,N2633,1,143,0.9676131355980633
LH518B_12,N2633,1,72,0.9676131355980633
LH518B_7,C0160,1,10,0.9675928922901214
LH518B_7,C0160,1,20,0.9675928922901214
LH518B_7,C0160,1,93,0.9675928922901212
LH518B_5,C0315,1,110,0.96756091186814
LH518B_5,C0315,1,42,0.96756091186814
LH518B_3,C0475,1,145,0.9675466693177041
LH518B_5,C0306,1,40,0.9675168157713311
LH518B_5,C0306,1,104,0.9675168157713311
LH518B_3,C0500,1,7,0.9673757695462262
LH518B_11,N2669,1,14,0.9673538619111548
LH518B_11,N2669,1,98,0.9673538619111548
LH518B_11,N2709,1,162,0.9673475848791576
LH518B_6,C0197,1,19,0.9673371080926777
LH518B_12,N2593,1,119,0.9673322014429973
LH518B_3,C0480,1,90,0.9672575434891785
LH518B_10,N2790,1,37,0.9672159571737673
LH518B_10,N2790,1,60,0.9672159571737671
LH518B_8,C0052,1,155,0.9671986147757199
LH518B_8,C0052,1,45,0.9671986147757199
LH518B_8,C0085,1,70,0.9671666604109452
LH518B_9,N2829,1,92,0.9671204781517142
LH518B_4,C0412,1,63,0.9671204781517142
LH518B_5,C0311,1,7,0.9670780258484645
LH518B_11,N2714,1,109,0.9670609484407149
LH518B_11,N2714,1,59,0.9670609484407149
LH518B_6,C0233,1,109,0.9670196599179108
LH518B_10,N2781,1,164,0.9669756346941466
LH518B_2,C0535,1,77,0.9669380559061187
LH518B_11,N2711,1,47,0.9669032283881227
LH518B_2,C0527,1,60,0.9668871317444503
LH518B_2,C0527,1,20,0.9668871317444503
LH518B_7,C0127,1,27,0.9668365889014746
LH518B_4,C0449,1,9,0.9668151237092467
LH518B_4,C0449,1,23,0.9668151237092467
LH518B_4,C0441,1,94,0.9668077987201436
LH518B_9,N2857,1,33,0.966622065721227
LH518B_5,C0268,1,93,0.9666081176687501
LH518B_5,C0268,1,30,0.9666081176687501
LH518B_10,N2753,1,75,0.9665882668982874
LH518B_10,N2753,1,135,0.9665882668982874
LH518B_7,C0157,1,143,0.9665230147264227
LH518B_8,C0093,1,43,0.966519146954489
LH518B_10,N2748,1,148,0.9665124006254383
LH518B_3,C0472,1,140,0.9664615212873177
LH518B_8,C0047,1,17,0.9664216575132691
LH518B_8,C0047,1,143,0.9664216575132691
LH518B_6,C0202,1,100,0.9664110229299195
LH518B_6,C0202,1,73,0.9664110229299194
LH518B_8,C0090,1,104,0.9663897544653474
LH518B_8,C0090,1,110,0.9663897544653474
LH518B_11,N2677,1,103,0.9663755463727952
LH518B_2,C0559,1,37,0.9662097962522643
LH518B_2,C0559,1,72,0.9662097962522643
LH518B_11,N2706,1,40,0.966196688537633
LH518B_11,N2706,1,9,0.966196688537633
LH518B_9,N2824,1,23,0.966193405016703
LH518B_12,N2597,1,84,0.966193405016703
LH518B_6,C0194,1,119,0.9661827527584846
LH518B_5,C0276,1,94,0.966092094225671
LH518B_2,C0563,1,44,0.9660706620780993
LH518B_2,C0563,1,25,0.9660706620780993
LH518B_8,C0055,1,57,0.9659985442050456
LH518B_5,C0310,1,100,0.965996456658139
LH518B_5,C0310,1,154,0.965996456658139
LH518B_7,C0165,1,138,0.9659645816766316
LH518B_7,C0165,1,24,0.9659645816766316
LH518B_8,C0082,1,98,0.965956044513473
LH518B_1,C0586,1,75,0.965950386083221
LH518B_1,C0586,1,130,0.965950386083221
LH518B_4,C0409,1,49,0.9658946231960118
LH518B_4,C0409,1,59,0.9658946231960118
LH518B_3,C0504,1,130,0.9658910003273311
LH518B_11,N2673,1,107,0.9658746199063005
LH518B_12,N2601,1,155,0.9658441544577587
LH518B_12,N2601,1,24,0.9658441544577587
LH518B_12,N2601,1,68,0.9658441544577587
LH518B_1,C0618,1,67,0.9656457699570467
LH518B_1,C0618,1,117,0.9656457699570467
LH518B_1,C0618,1,129,0.9656457699570467
LH518B_6,C0237,1,49,0.9656247127158433
LH518B_7,C0119,1,34,0.9656161815591027
LH518B_10,N2785,1,70,0.9655917886139944
LH518B_2,C0531,1,149,0.965525599730634
LH518B_7,C0130,1,35,0.9655170999087032
LH518B_7,C0130,1,13,0.9655170999087032
LH518B_6,C0241,1,64,0.965486709256018
LH518B_4,C0445,1,43,0.9654662661926169
LH518B_9,N2865,1,17,0.9654662661926168
LH518B_4,C0445,1,33,0.9654662661926167
LH518B_4,C0416,1,55,0.965343778597444
LH518B_4,C0416,1,78,0.965343778597444
LH518B_9,N2861,1,90,0.9653273460572661
LH518B_9,N2861,1,145,0.9653273460572661
LH518B_5,C0272,1,90,0.9653169129849495
LH518B_5,C0272,1,113,0.9653169129849495
LH518B_12,N2634,1,125,0.9652734003082922
LH518B_12,N2634,1,153,0.9652734003082922
LH518B_1,C0611,1,39,0.9652493123149501
LH518B_5,C0314,1,22,0.9652214288252384
LH518B_3,C0476,1,108,0.9652072550656723
LH518B_3,C0476,1,82,0.9652072550656723
LH518B_10,N2745,1,44,0.9650860758093145
LH518B_10,N2745,1,93,0.9650860758093145
LH518B_11,N2710,1,69,0.9650091320902774
LH518B_6,C0198,1,154,0.9649987058951807
LH518B_6,C0198,1,74,0.9649987058951807
LH518B_8,C0044,1,89,0.9649654455854451
LH518B_6,C0205,1,45,0.9649513088917278
LH518B_8,C0093,1,145,0.9649230367468681
LH518B_10,N2789,1,137,0.9648781399626194
LH518B_8,C0051,1,160,0.9648608812976758
LH518B_8,C0051,1,92,0.9648608812976758
LH518B_8,C0086,1,38,0.9648290812120384
LH518B_9,N2828,1,158,0.964783121916787
LH518B_9,N2828,1,164,0.964783121916787
LH518B_11,N2713,1,155,0.9647238795944675
LH518B_11,N2713,1,118,0.9647238795944675
LH518B_2,C0556,1,110,0.9646838350084949
LH518B_12,N2594,1,54,0.9646620491279748
LH518B_2,C0534,1,134,0.9646015802864089
LH518B_7,C0123,1,32,0.9645747559683638
LH518B_5,C0279,1,39,0.9645274006003021
LH518B_7,C0126,1,164,0.9645006030264224
LH518B_7,C0126,1,125,0.9645006030264223
LH518B_7,C0126,1,130,0.9645006030264223
LH518B_4,C0448,1,163,0.9644792414323777
LH518B_7,C0168,1,28,0.9643579415515152
LH518B_1,C0583,1,35,0.9643390770952384
LH518B_1,C0583,1,148,0.9643390770952384
LH518B_1,C0615,1,119,0.9643001710574461
LH518B_1,C0615,1,104,0.9643001710574459
LH518B_1,C0615,1,62,0.9643001710574459
LH518B_3,C0501,1,120,0.9642601616383341
LH518B_11,N2670,1,88,0.9642383948894011
LH518B_1,C0591,1,150,0.9642180562369428
LH518B_12,N2637,1,48,0.9641366572104129
LH518B_8,C0048,1,69,0.9640876738295918
LH518B_6,C0201,1,48,0.96407709055063
LH518B_8,C0089,1,50,0.9640559246897593
LH518B_8,C0089,1,124,0.9640559246897592
LH518B_3,C0507,1,103,0.9640557477120226
LH518B_4,C0440,1,38,0.9640536354995204
LH518B_11,N2676,1,7,0.964041785138884
LH518B_11,N2676,1,27,0.964041785138884
LH518B_11,N2673,1,4,0.9638925585378583
LH518B_2,C0560,1,73,0.963876834544199
LH518B_10,N2782,1,53,0.9638625995188497
LH518B_9,N2825,1,78,0.9638605223673182
LH518B_9,N2825,1,140,0.9638605223673182
LH518B_12,N2598,1,165,0.9638605223673182
LH518B_5,C0275,1,53,0.9637597001917622
LH518B_5,C0275,1,83,0.9637597001917622
LH518B_2,C0562,1,80,0.9637383714035275
LH518B_2,C0562,1,160,0.9637383714035275
LH518B_9,N2868,1,38,0.9636958423584137
LH518B_4,C0442,1,144,0.9636958423584137
LH518B_5,C0311,1,160,0.9636645238312682
LH518B_7,C0164,1,63,0.9636328025550409
LH518B_1,C0587,1,139,0.9636186754129897
LH518B_11,N2674,1,22,0.9635432745647338
LH518B_9,N2858,1,49,0.9635113029940657
LH518B_12,N2631,1,82,0.9634396470299192
LH518B_7,C0158,1,129,0.9634128884686094
LH518B_3,C0473,1,132,0.9633517901336063
LH518B_3,C0473,1,154,0.9633517901336063
LH518B_1,C0617,1,57,0.96331552790872
LH518B_6,C0238,1,60,0.9632945721720919
LH518B_10,N2786,1,133,0.9632618067735538
LH518B_2,C0532,1,165,0.963195936922671
LH518B_2,C0532,1,74,0.963195936922671
LH518B_6,C0240,1,84,0.9631572338911896
LH518B_4,C0446,1,28,0.9631368893556314
LH518B_4,C0446,1,92,0.9631368893556314
LH518B_9,N2864,1,108,0.9631368893556312
LH518B_11,N2707,1,132,0.9630886586861709
LH518B_11,N2707,1,129,0.9630886586861709
LH518B_6,C0195,1,68,0.9630748124184937
LH518B_3,C0481,1,97,0.9630384521721839
LH518B_9,N2862,1,113,0.9629986387077955
LH518B_9,N2862,1,153,0.9629986387077953
LH518B_5,C0273,1,122,0.9629882559109358
LH518B_3,C0482,1,15,0.9629696619297188
LH518B_3,C0482,1,29,0.9629696619297188
LH518B_6,C0194,1,120,0.9629619377505177
LH518B_12,N2635,1,105,0.9629449529096974
LH518B_12,N2635,1,97,0.9629449529096974
LH518B_7,C0162,1,115,0.962924904453446
LH518B_10,N2792,1,57,0.9629147048021621
LH518B_5,C0313,1,99,0.9628932318503428
LH518B_8,C0054,1,165,0.962891786941788
LH518B_3,C0477,1,95,0.9628791263844626
LH518B_8,C0083,1,120,0.9628495601719892
LH518B_8,C0083,1,87,0.9628495601719891
LH518B_9,N2831,1,122,0.9627885332648626
LH518B_1,C0610,1,120,0.9626824354889458
LH518B_11,N2711,1,12,0.9626819579240303
LH518B_6,C0199,1,165,0.9626715819547483
LH518B_6,C0199,1,23,0.9626715819547483
LH518B_3,C0478,1,68,0.9625927829590787
LH518B_10,N2788,1,10,0.962551596781767
LH518B_10,N2788,1,110,0.9625515967817667
LH518B_2,C0537,1,10,0.9625474925659491
LH518B_8,C0050,1,95,0.9625344212449638
LH518B_8,C0050,1,134,0.9625344212449638
LH518B_7,C0120,1,58,0.9625118792977154
LH518B_7,C0120,1,155,0.9625118792977154
LH518B_8,C0087,1,137,0.96250277432384
LH518B_4,C0414,1,125,0.9624570363817812
LH518B_4,C0414,1,142,0.9624570363817812
LH518B_11,N2712,1,142,0.9623980793720354
LH518B_4,C0451,1,157,0.9623850748731007
LH518B_2,C0533,1,13,0.9622763690054263
LH518B_2,C0533,1,30,0.9622763690054263
LH518B_2,C0533,1,89,0.9622763690054263
LH518B_7,C0124,1,29,0.9622496738519397
LH518B_7,C0124,1,144,0.9622496738519397
LH518B_7,C0125,1,15,0.9621758779529043
LH518B_4,C0447,1,85,0.9621546192088498
LH518B_10,N2755,1,165,0.9620853877362631
LH518B_10,N2751,1,160,0.96192994398577
LH518B_10,N2751,1,120,0.96192994398577
LH518B_6,C0204,1,125,0.9618512732159552
LH518B_3,C0510,1,22,0.9618229475542208
LH518B_12,N2636,1,62,0.9618136841222413
LH518B_11,N2679,1,87,0.9618044170134744
LH518B_8,C0049,1,20,0.9617649364904082
LH518B_6,C0200,1,117,0.9617544041454668
LH518B_3,C0506,1,100,0.9617331640215889
LH518B_11,N2675,1,80,0.9617192686436247
LH518B_9,N2826,1,104,0.9615388781149187
LH518B_12,N2599,1,115,0.9615388781149187
LH518B_5,C0312,1,165,0.9613438225468538
LH518B_6,C0239,1,80,0.9609756502403148
LH518B_6,C0239,1,127,0.9609756502403148
LH518B_10,N2787,1,43,0.9609430424003561
LH518B_10,N2787,1,117,0.9609430424003561
LH518B_10,N2787,1,102,0.9609430424003561
LH518B_9,N2863,1,139,0.9608187256223372
LH518B_9,N2829,1,84,0.9602712129205607
LH518B_2,C0534,1,64,0.9596232006073366
LH518B_3,C0500,1,14,0.9586812041216153
LH518B_1,C0587,1,2,0.958447452518842
LH518B_7,C0162,1,40,0.9582946821511757
LH518B_12,N2603,1,100,0.9570726254725416
LH518B_8,C0046,1,58,0.9562855444129277
LH518B_2,C0554,1,112,0.9561885807677132
LH518B_8,C0045,1,140,0.956086436538357
LH518B_6,C0243,1,37,0.9551012160658127
LH518B_8,C0055,1,152,0.9539767080503433
LH518B_1,C0592,1,40,0.9538736245281071
LH518B_2,C0529,1,106,0.9538649927232267
LH518B_9,N2823,1,29,0.9504342371479382
LH518B_3,C0481,1,93,0.9500521601212261
LH518B_7,C0123,1,8,0.9499689286408484
LH518B_2,C0564,1,123,0.9494330468691222
LH518B_4,C0415,1,79,0.9476163692127854
LH518B_8,C0049,1,109,0.9469457919590902
LH518B_4,C0418,1,74,0.9468765825924284
LH518B_10,N2753,1,58,0.9464791094128459
LH518B_11,N2670,1,125,0.9451716852065759
LH518B_9,N2829,1,75,0.940129632221047
LH518B_12,N2637,1,85,0.9392807514116742
LH518B_10,N2783,1,95,0.9391767941251732
LH518B_1,C0588,1,5,0.9364387460510785
LH518B_2,C0561,1,3,0.9364387460510785
LH518B_2,C0556,1,105,0.9364387460510785
LH518B_10,N2750,1,2,0.9361936929158787
LH518B_9,N2824,1,8,0.9360454236411737
LH518B_11,N2674,1,5,0.935363917739531
LH518B_10,N2792,1,3,0.935363917739531
LH518B_12,N2594,1,79,0.9352413406639525
LH518B_10,N2785,1,18,0.9348417944207024
LH518B_12,N2603,1,14,0.9339075073548879
LH518B_8,C0049,1,115,0.9335507724792177
LH518B_7,C0122,1,128,0.9328803895811397
LH518B_9,N2867,1,54,0.9325030764589965
LH518B_5,C0274,1,4,0.9320571860568729
LH518B_5,C0275,1,5,0.9320571860568729
LH518B_12,N2597,1,60,0.9314115183603492
LH518B_11,N2709,1,77,0.9301470717580185
LH518B_11,N2708,1,105,0.9296991855203096
LH518B_12,N2638,1,94,0.9296963218945407
LH518B_1,C0613,1,10,0.928737468745472
LH518B_3,C0510,1,69,0.9277005133965139
LH518B_7,C0161,1,89,0.9215061575387055
LH518B_5,C0271,1,49,0.9206938336342528
LH518B_12,N2603,1,10,0.9199961295635929
LH518B_6,C0203,1,77,0.9196785321321425
LH518B_6,C0197,1,18,0.917383115312063
LH518B_3,C0505,1,160,0.9155415105951098
LH518B_8,C0054,1,19,0.915450903521892
LH518B_11,N2674,1,23,0.9135230528238872
LH518B_8,C0056,1,153,0.9130669552652204
LH518B_9,N2830,1,137,0.9126796405144578
LH518B_2,C0531,1,55,0.9109701948936318
LH518B_6,C0234,1,162,0.909721626886529
LH518B_3,C0472,1,35,0.9083473429640186
LH518B_2,C0530,1,15,0.9081961198817687
LH518B_9,N2866,1,72,0.9076929077750119
LH518B_3,C0480,1,129,0.9076070208157052
LH518B_1,C0614,1,99,0.9075421636506115
LH518B_7,C0122,1,82,0.9061056403605358
LH518B_4,C0412,1,152,0.9057401028926243
LH518B_8,C0051,1,74,0.9045185262535375
LH518B_7,C0119,1,103,0.9037544691499844
LH518B_8,C0092,1,4,0.9031893827386043
LH518B_4,C0413,1,18,0.899862797409004
LH518B_6,C0200,1,44,0.8969272304162478
LH518B_6,C0234,1,34,0.8962164029480896
LH518B_1,C0585,1,85,0.8959378720339707
LH518B_7,C0166,1,42,0.8939319078016803
LH518B_11,N2672,1,17,0.8917489118429364
LH518B_2,C0565,1,32,0.8913367529536244
LH518B_7,C0164,1,118,0.8905150419304695
LH518B_1,C0612,1,70,0.8892543079896151
LH518B_5,C0314,1,69,0.8889529422758101
LH518B_12,N2600,1,30,0.8888436461142984
LH518B_5,C0305,1,108,0.8863233353160617
LH518B_1,C0613,1,89,0.8849890292271164
LH518B_10,N2785,1,52,0.883230210424858
LH518B_4,C0447,1,140,0.8801582119924815
LH518B_9,N2860,1,165,0.8796314523941781
LH518B_7,C0131,1,137,0.878954713148149
LH518B_8,C0092,1,7,0.8789120411156147
LH518B_11,N2668,1,57,0.8787434049836527
LH518B_9,N2858,1,34,0.8777513724727034
LH518B_3,C0483,1,159,0.8767869166172517
LH518B_1,C0590,1,23,0.8767169412270027
LH518B_3,C0478,1,20,0.8767125735391074
LH518B_9,N2859,1,80,0.876567638139063
LH518B_3,C0508,1,88,0.8764085508362925
LH518B_5,C0308,1,27,0.8738499579296604
LH518B_7,C0163,1,25,0.8737889723728127
LH518B_12,N2630,1,113,0.8732926844504162
LH518B_10,N2790,1,20,0.8730908069391653
LH518B_12,N2639,1,135,0.8726118126711124
LH518B_1,C0614,1,95,0.8709421128756974
LH518B_10,N2751,1,128,0.8689964924811593
LH518B_6,C0199,1,145,0.8685027959935463
LH518B_6,C0195,1,85,0.8670312169204104
LH518B_10,N2755,1,64,0.8662721379172516
LH518B_5,C0307,1,63,0.865571560060321
LH518B_5,C0280,1,50,0.8640062147683502
LH518B_7,C0161,1,18,0.8637337087915955
LH518B_7,C0168,1,132,0.8588189606468114
LH518B_1,C0587,1,50,0.8565948785374681
LH518B_4,C0410,1,25,0.8557061768241642
LH518B_11,N2668,1,67,0.8555093905422939
LH518B_10,N2786,1,152,0.85519732202261
LH518B_4,C0413,1,44,0.8551341705302432
LH518B_5,C0269,1,48,0.8550993090528263
LH518B_10,N2789,1,50,0.8536974238582506
LH518B_4,C0410,1,99,0.8516257970840282
LH518B_4,C0411,1,58,0.8513533642725606
LH518B_2,C0557,1,17,0.8509438616161834
LH518B_2,C0564,1,118,0.8495431378131814
LH518B_6,C0240,1,148,0.8483755824687503
LH518B_7,C0127,1,113,0.8477070288617323
LH518B_9,N2821,1,42,0.8473387407990631
LH518B_3,C0483,1,48,0.8454037282388234
LH518B_10,N2752,1,115,0.8448475206445638
LH518B_10,N2781,1,157,0.8446280875737164
LH518B_3,C0478,1,84,0.8367114587979837
LH518B_1,C0613,1,165,0.8359445906889567
LH518B_1,C0586,1,30,0.8357217361636501
LH518B_3,C0509,1,77,0.8355325849890815
LH518B_7,C0125,1,78,0.834466760549823
LH518B_12,N2630,1,59,0.8343694470614538
LH518B_2,C0530,1,162,0.8340268702506668
LH518B_10,N2744,1,22,0.8328903780647631
LH518B_5,C0315,1,60,0.8310787044550096
LH518B_8,C0085,1,164,0.8291914071946439
LH518B_3,C0475,1,147,0.8273105216889214
LH518B_2,C0563,1,137,0.8270083838694023
LH518B_8,C0047,1,84,0.8260703129891178
LH518B_3,C0479,1,143,0.8247392331490566
LH518B_10,N2754,1,35,0.8233643128321633
LH518B_6,C0241,1,55,0.8224761579333837
LH518B_1,C0585,1,98,0.8212380972374693
LH518B_2,C0535,1,153,0.8155951619019465
LH518B_10,N2789,1,73,0.81551851007516
LH518B_8,C0053,1,133,0.8133166639150854
LH518B_10,N2750,1,89,0.8119301701014346
LH518B_9,N2863,1,123,0.8112371633015553
LH518B_12,N2631,1,35,0.8106776273339227
LH518B_5,C0313,1,129,0.810628920944442
LH518B_10,N2752,1,99,0.807820550204931
LH518B_9,N2830,1,64,0.8072188565794208
LH518B_8,C0044,1,67,0.8066685688724485
LH518B_9,N2827,1,63,0.8066341095881631
LH518B_4,C0448,1,134,0.8058618922112738
LH518B_2,C0536,1,148,0.8036331878865736
LH518B_8,C0086,1,75,0.8027843176507324
LH518B_8,C0045,1,83,0.8024587274652958
LH518B_6,C0201,1,139,0.8005315417857337
LH518B_9,N2825,1,5,0.8003805624585276
LH518B_1,C0593,1,33,0.7999314268259706
LH518B_12,N2593,1,92,0.7993986788202094
LH518B_7,C0164,1,1,0.7991279060678337
LH518B_2,C0560,1,12,0.7975554709879289
LH518B_1,C0593,1,19,0.7971408994710303
LH518B_10,N2747,1,62,0.7970564559390548
LH518B_3,C0504,1,63,0.7957638070122688
LH518B_12,N2596,1,37,0.7945250670697891
LH518B_2,C0559,1,125,0.7920146467872947
LH518B_11,N2713,1,161,0.7913692184490623
LH518B_1,C0619,1,8,0.7903636843414513
LH518B_5,C0274,1,33,0.7882070157402127
LH518B_5,C0309,1,137,0.7859562435353598
LH518B_10,N2749,1,47,0.7857555765702536
LH518B_5,C0277,1,114,0.7841043412111192
LH518B_1,C0582,1,78,0.7825453752943541
LH518B_12,N2632,1,149,0.7803654515825965
LH518B_1,C0582,1,145,0.7788289725272616
LH518B_12,N2597,1,140,0.7780163244855313
LH518B_3,C0508,1,118,0.7771517194330576
LH518B_11,N2712,1,108,0.7770682578526614
LH518B_5,C0278,1,158,0.7770665944747068
LH518B_3,C0475,1,42,0.7768592209885986
LH518B_6,C0236,1,72,0.7753205700306504
LH518B_11,N2715,1,6,0.7750204849442263
LH518B_10,N2748,1,24,0.7745868844054877
LH518B_10,N2748,1,149,0.774175130613234
LH518B_6,C0205,1,17,0.7741589175817181
LH518B_10,N2749,1,4,0.773878670652448
LH518B_2,C0564,1,103,0.7720673551418074
LH518B_1,C0590,1,122,0.7638610169095185
LH518B_8,C0087,1,105,0.7618027134839764
LH518B_4,C0419,1,5,0.7591759426911037
LH518B_1,C0611,1,107,0.7570594456958732
LH518B_12,N2637,1,33,0.756981025022789
LH518B_6,C0239,1,9,0.7557755903099468
LH518B_7,C0128,1,124,0.7556650794479852
LH518B_2,C0529,1,27,0.755239332266609
LH518B_12,N2602,1,134,0.7510314618970928
LH518B_5,C0271,1,139,0.7486253291438691
LH518B_10,N2746,1,8,0.7481238630173134
LH518B_4,C0446,1,27,0.7476711659981923
LH518B_5,C0310,1,32,0.7463500039186007
LH518B_3,C0508,1,13,0.7429007731582469
LH518B_5,C0307,1,57,0.7400949964223459
LH518B_5,C0314,1,72,0.7396188898691921
LH518B_2,C0565,1,157,0.7395352014427732
LH518B_5,C0276,1,163,0.7384453341339975
LH518B_7,C0161,1,112,0.7383717841243046
LH518B_11,N2676,1,49,0.7381348523274845
LH518B_11,N2710,1,159,0.7375244716453712
LH518B_4,C0450,1,57,0.7336441548970116
LH518B_12,N2600,1,144,0.7309545915270834
LH518B_2,C0537,1,119,0.7305910890740558
LH518B_7,C0165,1,123,0.7297000305513337
LH518B_1,C0616,1,144,0.7279493133541287
LH518B_2,C0555,1,94,0.7275463735631963
LH518B_9,N2865,1,82,0.7274446240357993
LH518B_4,C0447,1,35,0.7271580684175493
LH518B_9,N2821,1,13,0.7270748812031839
LH518B_1,C0612,1,127,0.726491055348162
LH518B_2,C0528,1,135,0.7234967865450495
LH518B_2,C0554,1,93,0.7171340194383673
LH518B_8,C0052,1,122,0.7168008810715504
LH518B_7,C0123,1,92,0.712897402480447
LH518B_9,N2857,1,74,0.7122148025055111
LH518B_7,C0158,1,95,0.711594852597453
LH518B_11,N2677,1,139,0.7073160147681161
LH518B_1,C0616,1,138,0.7072785672688442
LH518B_11,N2716,1,127,0.7004000912305429
LH518B_8,C0086,1,99,0.7002851772830103
LH518B_9,N2861,1,129,0.699773864244635
LH518B_4,C0442,1,108,0.6990162726138333
LH518B_9,N2828,1,148,0.6963862692231413
LH518B_1,C0589,1,163,0.6891838555946731
LH518B_12,N2632,1,127,0.6888965109432454
LH518B_1,C0582,1,92,0.6886256521783842
LH518B_2,C0560,1,52,0.6885712897012694
LH518B_2,C0534,1,82,0.6876623583546089
LH518B_3,C0507,1,2,0.6874549831510304
LH518B_11,N2709,1,13,0.6874052841509181
LH518B_1,C0590,1,80,0.6859304706671188
LH518B_11,N2677,1,137,0.6848607369062529
LH518B_3,C0507,1,117,0.6847032325322023
LH518B_4,C0443,1,48,0.6836817023035049
LH518B_6,C0241,1,142,0.6829549587089837
LH518B_9,N2826,1,53,0.6824492008869022
LH518B_7,C0122,1,150,0.6810490919894545
LH518B_11,N2710,1,130,0.6801472624417939
LH518B_3,C0479,1,164,0.6786535901776686
LH518B_6,C0202,1,160,0.6781277998934055
LH518B_6,C0237,1,6,0.6777268907905767
LH518B_7,C0163,1,79,0.6777150269060384
LH518B_6,C0238,1,4,0.675005290252166
LH518B_2,C0532,1,139,0.6742255391226716
LH518B_3,C0476,1,9,0.6728749993148523
LH518B_4,C0417,1,124,0.6726473201998048
LH518B_8,C0089,1,102,0.6714206505370068
LH518B_2,C0558,1,150,0.6708864001690322
LH518B_1,C0590,1,132,0.6705975197728451
LH518B_1,C0619,1,54,0.6700133090236909
LH518B_3,C0509,1,122,0.6673176044379491
LH518B_10,N2784,1,150,0.662903206480542
LH518B_11,N2711,1,78,0.6618657575899124
LH518B_3,C0502,1,8,0.6615867267030388
LH518B_8,C0050,1,144,0.6614281147648327
LH518B_3,C0480,1,142,0.6599552782364161
LH518B_5,C0278,1,140,0.6547586929268123
LH518B_9,N2864,1,144,0.6523908873256701
LH518B_6,C0238,1,97,0.6496208908600584
LH518B_5,C0279,1,88,0.6484255435010557
LH518B_11,N2712,1,65,0.6460401291484285
LH518B_5,C0276,1,130,0.6444031661046349
LH518B_4,C0444,1,53,0.6442873194840671
LH518B_6,C0240,1,3,0.6439084592728281
LH518B_12,N2638,1,89,0.6426223372951864
LH518B_1,C0617,1,114,0.6423347330030755
LH518B_11,N2677,1,114,0.6414477019528358
LH518B_3,C0504,1,60,0.6413314719625873
LH518B_8,C0048,1,33,0.6393697805871456
LH518B_9,N2868,1,112,0.636189540651869
LH518B_1,C0589,1,68,0.6344998110101187
LH518B_1,C0612,1,155,0.6342546366622228
LH518B_11,N2708,1,158,0.6339576699244712
LH518B_4,C0415,1,62,0.6334617270979822
LH518B_1,C0614,1,22,0.6330647718010085
LH518B_8,C0082,1,127,0.6326458460757705
LH518B_2,C0538,1,28,0.6320509569724071
LH518B_12,N2639,1,128,0.6275664889084428
LH518B_7,C0129,1,4,0.6274410870896591
LH518B_2,C0557,1,6,0.6255961386449358
LH518B_11,N2672,1,20,0.6236300878155505
LH518B_6,C0235,1,53,0.6207733034168917
LH518B_3,C0477,1,65,0.6180186421938189
LH518B_11,N2710,1,48,0.6173191338225567
LH518B_2,C0528,1,133,0.6152260472315793
LH518B_11,N2712,1,28,0.6144935336268751
LH518B_7,C0124,1,159,0.6128712534203236
LH518B_6,C0201,1,144,0.6123435881940965
LH518B_4,C0448,1,34,0.6103836907605334
LH518B_7,C0127,1,87,0.6098441986752875
LH518B_9,N2820,1,102,0.6082238886894638
LH518B_3,C0508,1,128,0.603538956572403
LH518B_9,N2821,1,99,0.6008939110109928
LH518B_5,C0312,1,102,0.6006882295813744
LH518B_10,N2754,1,55,0.5993887676008318
LH518B_8,C0085,1,107,0.5979332209397389
LH518B_10,N2788,1,67,0.5975279540480514
LH518B_12,N2633,1,15,0.5953547200889434
LH518B_4,C0449,1,153,0.5921107647233442
LH518B_12,N2599,1,1,0.5912227910082472
LH518B_1,C0614,1,42,0.5884509516726827
LH518B_9,N2862,1,132,0.5877222750723589
LH518B_4,C0442,1,154,0.5872878850277531
LH518B_10,N2782,1,45,0.5862891614129963
LH518B_6,C0243,1,134,0.5855361948640195
LH518B_7,C0129,1,59,0.5830465526962619
LH518B_1,C0616,1,37,0.5800245608446222
LH518B_6,C0203,1,43,0.5787619924806197
LH518B_5,C0279,1,149,0.5785371175010886
LH518B_11,N2673,1,117,0.5784279484614318
LH518B_4,C0412,1,17,0.5777640693161604
LH518B_2,C0554,1,88,0.5766773997939195
LH518B_9,N2824,1,30,0.5765931465039745
LH518B_12,N2634,1,28,0.575002354323841
LH518B_7,C0158,1,23,0.5749922589339377
LH518B_3,C0505,1,73,0.57393691165201
LH518B_4,C0448,1,52,0.5737923830896391
LH518B_5,C0276,1,73,0.571293831990051
LH518B_9,N2857,1,130,0.571163131773262
LH518B_9,N2868,1,40,0.5666968536659529
LH518B_3,C0507,1,114,0.5666556463336873
LH518B_9,N2827,1,143,0.5598486877913812
LH518B_2,C0537,1,4,0.5568614183599953
LH518B_10,N2754,1,104,0.5559864725657274
LH518B_2,C0555,1,138,0.5546514406413924
LH518B_2,C0557,1,47,0.552550235147092
LH518B_2,C0560,1,53,0.5499964047666026
LH518B_11,N2716,1,74,0.5495999087694571
LH518B_9,N2827,1,39,0.5478511099514771
LH518B_5,C0311,1,65,0.5470362728867855
LH518B_5,C0272,1,29,0.5454223483803841
LH518B_6,C0240,1,90,0.5445587243672319
LH518B_5,C0307,1,25,0.5411446548879201
LH518B_2,C0562,1,83,0.5395650319778426
LH518B_2,C0528,1,113,0.5368733048683072
LH518B_2,C0562,1,58,0.5329582252151027
LH518B_6,C0203,1,28,0.532803192229622
LH518B_8,C0086,1,6,0.532101423854219
LH518B_12,N2639,1,122,0.531005268962744
LH518B_6,C0241,1,13,0.5290821741016151
LH518B_5,C0278,1,79,0.5285190711439794
LH518B_3,C0509,1,49,0.5284150779313191
LH518B_3,C0483,1,98,0.5278093551439249
LH518B_11,N2675,1,145,0.5259633704488884
LH518B_5,C0272,1,78,0.523943825649717
LH518B_5,C0311,1,64,0.5222211774334811
LH518B_9,N2824,1,120,0.5211680248381494
LH518B_6,C0238,1,159,0.5195144380960867
LH518B_6,C0201,1,2,0.518408903530143
LH518B_7,C0127,1,85,0.51576323398586
LH518B_2,C0538,1,84,0.5138490794632173
LH518B_8,C0090,1,24,0.5121526633961573
LH518B_4,C0410,1,2,0.5118546351805586
LH518B_3,C0505,1,158,0.5105215777528812
LH518B_8,C0084,1,138,0.5091073096101995
LH518B_6,C0206,1,10,0.5088135481424
LH518B_4,C0416,1,133,0.5074609124485241
LH518B_12,N2630,1,148,0.505560303460958
LH518B_3,C0479,1,104,0.4966071766732759
LH518B_12,N2634,1,123,0.4944508450595744
LH518B_4,C0412,1,109,0.49271170251585644
LH518B_11,N2673,1,42,0.49180487309440946
LH518B_10,N2782,1,100,0.49170192079065705
LH518B_8,C0045,1,103,0.4914548359963472
LH518B_9,N2862,1,12,0.4862804475120501
LH518B_12,N2632,1,150,0.48560453164275313
LH518B_10,N2748,1,87,0.48472558435584007
LH518B_12,N2593,1,150,0.48326911973679343
LH518B_4,C0441,1,128,0.481590727913449
LH518B_7,C0122,1,75,0.4799648780688699
LH518B_12,N2631,1,27,0.47588272563615824
LH518B_4,C0449,1,109,0.4742589878581626
LH518B_12,N2638,1,123,0.4714066381362689
LH518B_10,N2746,1,100,0.4712409980854524
LH518B_4,C0419,1,12,0.4710823349230231
LH518B_8,C0092,1,6,0.467898576145781
LH518B_11,N2708,1,124,0.4666457460728057
LH518B_10,N2749,1,118,0.4631476339973853
LH518B_8,C0085,1,138,0.45929281140027645
LH518B_6,C0205,1,10,0.45212044171837795
LH518B_10,N2744,1,118,0.44890259009491185
LH518B_7,C0163,1,85,0.44849600072114887
LH518B_12,N2599,1,158,0.4472383308768341
LH518B_5,C0270,1,64,0.4443492993673739
LH518B_6,C0234,1,159,0.44406197016538146
LH518B_5,C0269,1,78,0.4405411694642131
LH518B_11,N2678,1,145,0.43892822346616056
LH518B_6,C0235,1,13,0.4385887428499696
LH518B_10,N2781,1,114,0.4383962777321368
LH518B_5,C0312,1,79,0.4379679478717719
LH518B_2,C0564,1,113,0.42895646017588895
LH518B_3,C0475,1,113,0.42828358800477595
LH518B_7,C0168,1,139,0.4268230978016735
LH518B_5,C0269,1,25,0.4228594006670012
LH518B_2,C0535,1,87,0.4227724617023
LH518B_4,C0444,1,47,0.420098805139397
LH518B_6,C0195,1,2,0.41989397066109596
LH518B_3,C0477,1,72,0.4191022314217185
LH518B_5,C0280,1,65,0.41834904674828843
LH518B_7,C0161,1,22,0.41768762399734866
LH518B_8,C0090,1,103,0.4172034072625626
LH518B_2,C0535,1,47,0.4166481426223313
LH518B_6,C0200,1,90,0.4159358605703256
LH518B_11,N2709,1,74,0.4151000592119061
LH518B_2,C0531,1,53,0.41458839538015885
LH518B_8,C0050,1,24,0.4135030427452409
LH518B_2,C0531,1,138,0.41217887999099817
LH518B_12,N2600,1,1,0.40877720899175285
LH518B_9,N2820,1,120,0.4047652143361045
LH518B_11,N2711,1,124,0.4037190249554816
LH518B_11,N2678,1,42,0.4035698089312214
LH518B_4,C0441,1,67,0.4032822586952796
LH518B_11,N2714,1,153,0.40042882552319564
LH518B_2,C0532,1,84,0.39938258703198626
LH518B_4,C0441,1,87,0.3983192146711279
LH518B_3,C0502,1,158,0.3972375529374843
LH518B_5,C0270,1,73,0.3963985889052797
LH518B_1,C0617,1,29,0.3943497390882043
LH518B_5,C0305,1,97,0.3930231261748631
LH518B_12,N2595,1,28,0.39254320056132597
LH518B_4,C0417,1,52,0.3919849688113841
LH518B_6,C0202,1,43,0.38905015424675565
LH518B_2,C0534,1,87,0.3881128607516455
LH518B_4,C0415,1,17,0.3877035668608746
LH518B_9,N2864,1,70,0.38447222331869885
LH518B_12,N2595,1,70,0.3838781215910272
LH518B_6,C0200,1,134,0.3813031169072688
LH518B_7,C0119,1,59,0.38062934929091297
LH518B_12,N2638,1,164,0.3802836043095086
LH518B_11,N2675,1,160,0.3795554864970844
LH518B_1,C0593,1,42,0.37757816322721993
LH518B_4,C0443,1,153,0.37600032531576116
LH518B_7,C0121,1,22,0.37466108347432775
LH518B_2,C0528,1,6,0.3744038613550642
LH518B_9,N2828,1,15,0.3740474869432848
LH518B_7,C0123,1,4,0.37255891291034093
LH518B_9,N2861,1,107,0.36957144364083294
LH518B_10,N2784,1,55,0.36916372400043634
LH518B_10,N2789,1,67,0.3659059261039697
LH518B_2,C0558,1,124,0.36418097064582833
LH518B_9,N2858,1,99,0.3633341988125845
LH518B_5,C0271,1,102,0.36302397774515505
LH518B_9,N2826,1,97,0.35601192099817913
LH518B_12,N2638,1,114,0.35581403837838516
LH518B_3,C0504,1,87,0.3539754569856051
LH518B_10,N2792,1,112,0.3517213774583069
LH518B_6,C0206,1,150,0.3503616154383137
LH518B_12,N2594,1,34,0.3500966102080728
LH518B_11,N2714,1,28,0.3495901614794172
LH518B_6,C0196,1,53,0.3493179648625325
LH518B_2,C0556,1,133,0.3488774189404268
LH518B_8,C0052,1,117,0.34880188937700846
LH518B_6,C0243,1,123,0.3454772811556761
LH518B_6,C0196,1,28,0.34423594642769395
LH518B_11,N2670,1,20,0.34058991990402293
LH518B_12,N2637,1,128,0.33960156635512395
LH518B_7,C0165,1,163,0.3383708060954033
LH518B_11,N2676,1,158,0.3337815773947471
LH518B_10,N2788,1,65,0.3327577100348902
LH518B_4,C0416,1,67,0.3294834714755389
LH518B_1,C0611,1,155,0.3289498488940326
LH518B_4,C0450,1,88,0.3280311490017883
LH518B_4,C0446,1,34,0.32605505529054507
LH518B_3,C0472,1,60,0.32475123531059236
LH518B_8,C0083,1,33,0.32430087965602156
LH518B_3,C0482,1,49,0.32406067614056244
LH518B_3,C0478,1,113,0.3239831847038295
LH518B_11,N2707,1,114,0.32382268262765823
LH518B_3,C0473,1,104,0.32329641973278733
LH518B_6,C0239,1,6,0.3222731092094233
LH518B_5,C0310,1,130,0.321657082765121
LH518B_1,C0583,1,114,0.32132184580952317
LH518B_10,N2745,1,65,0.319827848381371
LH518B_11,N2706,1,65,0.31760662292473407
LH518B_5,C0268,1,88,0.3167837646624997
LH518B_2,C0527,1,100,0.3162257365110994
LH518B_4,C0440,1,65,0.31600644611472717
LH518B_11,N2714,1,157,0.31585911611595757
LH518B_6,C0206,1,97,0.315229137643444
LH518B_5,C0306,1,140,0.3149663684573377
LH518B_3,C0510,1,2,0.3125450168489696
LH518B_9,N2865,1,144,0.31149755100219373
LH518B_8,C0048,1,148,0.3093439968144116
LH518B_3,C0499,1,8,0.30897684736970105
LH518B_7,C0121,1,65,0.30668793234254127
LH518B_7,C0128,1,165,0.3059670853590563
LH518B_12,N2600,1,34,0.3059565583564965
LH518B_5,C0269,1,70,0.30446475542563567
LH518B_8,C0044,1,117,0.30143277074047303
LH518B_3,C0476,1,98,0.30085826051214726
LH518B_8,C0082,1,29,0.30064545566562045
LH518B_8,C0084,1,114,0.300094861858943
LH518B_1,C0619,1,100,0.29919663281857245
LH518B_2,C0531,1,150,0.296736930004577
LH518B_1,C0592,1,54,0.2961263754718929
LH518B_5,C0314,1,124,0.29571554669586125
LH518B_11,N2672,1,160,0.29311401744567156
LH518B_9,N2830,1,30,0.29251153242198596
LH518B_11,N2679,1,112,0.29193025073459744
LH518B_11,N2668,1,137,0.29076768941827963
LH518B_6,C0236,1,160,0.28874712300929056
LH518B_6,C0204,1,3,0.28814872678404474
LH518B_4,C0451,1,2,0.28761492512689935
LH518B_3,C0480,1,164,0.2869595630059128
LH518B_11,N2715,1,130,0.2861607790452494
LH518B_3,C0501,1,128,0.28573983836166594
LH518B_4,C0447,1,48,0.28411368230739004
LH518B_7,C0157,1,159,0.28347698527357734
LH518B_6,C0233,1,142,0.28298034008208917
LH518B_12,N2633,1,104,0.2818038569245475
LH518B_12,N2595,1,107,0.2817922508380087
LH518B_11,N2713,1,13,0.27918302236200393
LH518B_12,N2640,1,127,0.2787397340490449
LH518B_7,C0131,1,97,0.2782545913987474
LH518B_1,C0589,1,128,0.2760777429050463
LH518B_8,C0087,1,30,0.27569451219218344
LH518B_2,C0559,1,4,0.27556576070817623
LH518B_1,C0593,1,58,0.275349510475779
LH518B_8,C0055,1,60,0.2733027840511094
LH518B_1,C0585,1,29,0.271932858918007
LH518B_9,N2825,1,39,0.27189839280683586
LH518B_1,C0589,1,72,0.27133232899304777
LH518B_10,N2755,1,150,0.27029929941469766
LH518B_5,C0277,1,23,0.26932699017636086
LH518B_7,C0120,1,75,0.2692684570615165
LH518B_9,N2820,1,148,0.26923063813176557
LH518B_11,N2669,1,160,0.2647294352793801
LH518B_6,C0237,1,50,0.2627752553897193
LH518B_6,C0196,1,35,0.2604355127664902
LH518B_12,N2600,1,27,0.25850911282775896
LH518B_2,C0536,1,83,0.25779505627868876
LH518B_2,C0565,1,93,0.253761915125881
LH518B_10,N2750,1,8,0.2518761369826866
LH518B_7,C0124,1,95,0.2472258211456547
LH518B_6,C0200,1,4,0.24469457428744712
LH518B_3,C0504,1,114,0.24303826371220763
LH518B_8,C0054,1,107,0.24293433261299138
LH518B_7,C0164,1,55,0.24126462748887859
LH518B_8,C0047,1,10,0.24108637198434396
LH518B_2,C0529,1,94,0.24085575832378253
LH518B_2,C0563,1,135,0.24085029197439925
LH518B_4,C0413,1,5,0.24082405730889636
LH518B_6,C0232,1,79,0.2325811431278836
LH518B_1,C0586,1,100,0.23237749166990765
LH518B_4,C0416,1,115,0.23236805888104894
LH518B_7,C0130,1,110,0.22789574713936883
LH518B_5,C0269,1,163,0.22703536539032362
LH518B_7,C0121,1,150,0.22655720316441172
LH518B_5,C0313,1,143,0.22647784720521233
LH518B_11,N2668,1,6,0.22497951505577374
LH518B_5,C0315,1,9,0.22477936728475922
LH518B_5,C0274,1,72,0.2247183593615586
LH518B_8,C0089,1,47,0.22020940191948024
LH518B_12,N2638,1,134,0.2201770599861103
LH518B_11,N2678,1,89,0.2200606991873535
LH518B_7,C0124,1,75,0.21540357773014185
LH518B_12,N2600,1,147,0.2150058695238598
LH518B_5,C0270,1,137,0.21404375646464024
LH518B_4,C0411,1,12,0.2097082613249611
LH518B_10,N2782,1,12,0.20814631827749708
LH518B_12,N2602,1,33,0.20802582113341977
LH518B_10,N2751,1,97,0.20714361954730057
LH518B_8,C0056,1,100,0.20704191794564822
LH518B_6,C0194,1,9,0.2063119484038427
LH518B_1,C0613,1,122,0.2031690940147261
LH518B_8,C0084,1,105,0.2021623665946387
LH518B_10,N2752,1,4,0.20123513689663008
LH518B_7,C0125,1,1,0.2008720939321663
LH518B_4,C0409,1,2,0.20053043969254208
LH518B_9,N2831,1,5,0.1996194375414724
LH518B_1,C0611,1,80,0.1987413930951441
LH518B_5,C0309,1,158,0.19323517337823756
LH518B_6,C0238,1,105,0.1925648086195977
LH518B_10,N2790,1,149,0.1924772787133005
LH518B_11,N2705,1,150,0.1908947578058826
LH518B_3,C0500,1,118,0.18943097293259492
LH518B_12,N2603,1,140,0.1890237376089777
LH518B_1,C0587,1,145,0.1878782110196493
LH518B_12,N2633,1,149,0.1876151517903813
LH518B_11,N2674,1,48,0.18756975487184802
LH518B_5,C0308,1,114,0.18476135272945332
LH518B_10,N2786,1,162,0.18227842697951713
LH518B_8,C0082,1,108,0.1817848307284957
LH518B_8,C0089,1,119,0.18025809816399443
LH518B_3,C0480,1,9,0.17822059445278748
LH518B_1,C0610,1,8,0.17769409418877286
LH518B_8,C0044,1,54,0.17693321480163346
LH518B_12,N2597,1,160,0.17603843523493684
LH518B_8,C0082,1,80,0.16896782301664054
LH518B_2,C0535,1,12,0.16684959132647356
LH518B_8,C0093,1,141,0.16527238678987774
LH518B_8,C0053,1,75,0.1628372646371722
LH518B_9,N2863,1,64,0.16080258966239688
LH518B_8,C0056,1,133,0.16076571260726338
LH518B_2,C0535,1,122,0.15722401425295493
LH518B_10,N2785,1,13,0.15677418883042898
LH518B_9,N2866,1,37,0.15669321684845236
LH518B_2,C0530,1,87,0.1552615864597463
LH518B_9,N2859,1,70,0.15341364945295663
LH518B_8,C0093,1,99,0.15328542950876423
LH518B_7,C0121,1,41,0.15161014023402716
LH518B_11,N2672,1,154,0.15143025101926622
LH518B_10,N2755,1,25,0.15134317493178773
LH518B_10,N2747,1,89,0.1510162510573365
LH518B_12,N2597,1,122,0.14834031690247923
LH518B_1,C0613,1,98,0.14715981732372882
LH518B_4,C0447,1,27,0.14641541807373015
LH518B_1,C0619,1,19,0.14494923731190226
LH518B_10,N2788,1,35,0.1446111423535251
LH518B_6,C0243,1,55,0.1437056794455931
LH518B_5,C0275,1,97,0.14042341355960275
LH518B_8,C0090,1,164,0.13786442041058455
LH518B_1,C0610,1,90,0.13702744084992888
LH518B_12,N2596,1,8,0.13594739535629105
LH518B_11,N2675,1,95,0.13276187441040266
LH518B_9,N2829,1,65,0.13247867670667798
LH518B_12,N2596,1,59,0.13245232184647648
LH518B_1,C0589,1,151,0.12890626149711465
LH518B_8,C0054,1,94,0.12872297692332893
LH518B_9,N2860,1,83,0.12790187548252563
LH518B_1,C0619,1,28,0.12748982353928906
LH518B_9,N2867,1,112,0.12518602957364117
LH518B_7,C0131,1,98,0.12414984663356887
LH518B_10,N2752,1,87,0.12147107865879721
LH518B_8,C0051,1,7,0.12108795888438528
LH518B_11,N2705,1,18,0.12045555523059015
LH518B_10,N2753,1,73,0.12034435679057902
LH518B_4,C0409,1,58,0.11768031391543438
LH518B_3,C0481,1,155,0.11730246856959219
LH518B_6,C0197,1,148,0.11527977659525934
LH518B_6,C0199,1,75,0.11468468471502845
LH518B_6,C0194,1,15,0.1145433610871548
LH518B_10,N2747,1,112,0.11421098596876211
LH518B_9,N2823,1,152,0.1124905471246187
LH518B_7,C0166,1,14,0.11216345047736313
LH518B_10,N2787,1,103,0.11053814647391984
LH518B_5,C0314,1,149,0.1104911923339011
LH518B_10,N2783,1,152,0.10885247078147539
LH518B_6,C0206,1,20,0.10752430683668869
LH518B_4,C0418,1,37,0.10720639758286898
LH518B_1,C0615,1,50,0.10709948682766221
LH518B_6,C0196,1,121,0.10663683447243313
LH518B_7,C0164,1,132,0.10545962195777689
LH518B_6,C0201,1,155,0.104638875939397
LH518B_12,N2602,1,98,0.10456939529825633
LH518B_2,C0538,1,4,0.10409996356437545
LH518B_1,C0618,1,165,0.10306269012886012
LH518B_2,C0530,1,8,0.10294876281079067
LH518B_12,N2601,1,50,0.10246753662672396
LH518B_7,C0162,1,18,0.10127466407035786
LH518B_1,C0591,1,73,0.09806563672821038
LH518B_7,C0160,1,137,0.09722132312963616
LH518B_3,C0507,1,105,0.09713039027105728
LH518B_8,C0049,1,4,0.09681061726139571
LH518B_6,C0242,1,85,0.0965175600090028
LH518B_12,N2600,1,107,0.09627503705569944
LH518B_12,N2600,1,135,0.09567797560304829
LH518B_3,C0503,1,109,0.09529879733644867
LH518B_6,C0237,1,145,0.09445766198472852
LH518B_8,C0046,1,37,0.09412422758701074
LH518B_8,C0091,1,25,0.09379526597562944
LH518B_6,C0199,1,28,0.09146935538192898
LH518B_10,N2791,1,112,0.09130460831316123
LH518B_7,C0130,1,87,0.09107005304322474
LH518B_3,C0474,1,88,0.09030764580029961
LH518B_5,C0316,1,129,0.0902647102703158
LH518B_7,C0159,1,49,0.09016830221949501
LH518B_11,N2671,1,21,0.08828603980242654
LH518B_1,C0584,1,107,0.08805652526792151
LH518B_9,N2831,1,165,0.08759202919366502
LH518B_9,N2822,1,137,0.08732035948554229
LH518B_9,N2827,1,34,0.08566609266897846
LH518B_8,C0053,1,84,0.08475066380718192
LH518B_5,C0309,1,108,0.08412917756336773
LH518B_9,N2868,1,130,0.0834177633237645
LH518B_6,C0198,1,4,0.08030013546038679
LH518B_2,C0565,1,145,0.08011940168367154
LH518B_2,C0529,1,83,0.07982101874826035
LH518B_5,C0276,1,157,0.07976557354564573
LH518B_2,C0533,1,32,0.07873759466505459
LH518B_6,C0232,1,147,0.07711254753000482
LH518B_3,C0476,1,128,0.07638620221062163
LH518B_12,N2632,1,30,0.0751692647704735
LH518B_4,C0414,1,53,0.07508592723643777
LH518B_9,N2821,1,138,0.07469246698676024
LH518B_2,C0561,1,139,0.07337660684218814
LH518B_5,C0274,1,38,0.07292918142533131
LH518B_8,C0048,1,112,0.07269177260180408
LH518B_5,C0307,1,12,0.07255444088808496
LH518B_7,C0126,1,158,0.07255231719856425
LH518B_11,N2672,1,42,0.07185945763235377
LH518B_3,C0500,1,75,0.07172737909221338
LH518B_4,C0445,1,27,0.06906746761476644
LH518B_5,C0278,1,145,0.06886472668814281
LH518B_12,N2635,1,35,0.06719460534117563
LH518B_9,N2863,1,13,0.06714152141371062
LH518B_8,C0085,1,93,0.06645649139099986
LH518B_2,C0565,1,125,0.06447745516070526
LH518B_1,C0588,1,29,0.06356125394892158
LH518B_3,C0500,1,65,0.06278467430734884
LH518B_12,N2598,1,78,0.062426531382799556
LH518B_7,C0167,1,103,0.06218498039647319
LH518B_8,C0049,1,73,0.06092788180988803
LH518B_7,C0127,1,150,0.05984894957564449
LH518B_1,C0620,1,99,0.05931952131604509
LH518B_6,C0205,1,91,0.05876933180817592
LH518B_7,C0161,1,104,0.05870072554804593
LH518B_5,C0279,1,27,0.058509938397553585
LH518B_7,C0166,1,113,0.05728929581125578
LH518B_9,N2860,1,53,0.057131985742199756
LH518B_8,C0055,1,85,0.05672196369350181
LH518B_4,C0412,1,119,0.05666364712364488
LH518B_10,N2785,1,142,0.05619519623813459
LH518B_8,C0085,1,88,0.05612146896779981
LH518B_7,C0120,1,53,0.05570778434305268
LH518B_2,C0535,1,59,0.05397257228787556
LH518B_11,N2669,1,55,0.05056284089831031
LH518B_6,C0200,1,128,0.04971911579038742
LH518B_6,C0200,1,18,0.04966569788285655
LH518B_8,C0084,1,153,0.04960427383441008
LH518B_3,C0510,1,160,0.047931522200295625
LH518B_4,C0448,1,154,0.045482792506176775
LH518B_9,N2858,1,93,0.04540312572064631
LH518B_8,C0051,1,59,0.04467175226672578
LH518B_1,C0585,1,93,0.042597763399189914
LH518B_7,C0129,1,118,0.039512360214079
LH518B_3,C0506,1,49,0.03826683597841107
LH518B_12,N2636,1,47,0.03818631587775867
LH518B_10,N2752,1,32,0.0378185413125254
LH518B_5,C0273,1,143,0.03701174408906412
LH518B_12,N2630,1,94,0.03677756502717203
LH518B_3,C0472,1,53,0.03472668080868124
LH518B_2,C0533,1,153,0.034433298318666296
LH518B_7,C0126,1,128,0.03394587372216908
LH518B_1,C0587,1,94,0.033460782511051085
LH518B_2,C0530,1,164,0.03170010131726021
LH518B_4,C0415,1,127,0.031218336828357892
LH518B_4,C0410,1,149,0.030813390911249572
LH518B_10,N2746,1,18,0.030635138897234196
LH518B_5,C0307,1,13,0.030634347741328317
LH518B_7,C0167,1,62,0.025828542880035776
LH518B_8,C0085,1,28,0.02383793969559591
LH518B_10,N2754,1,140,0.021260447001277605
LH518B_4,C0419,1,123,0.01974172238587324
LH518B_3,C0476,1,93,0.019466027831034058
LH518B_9,N2830,1,29,0.01812078328289623
LH518B_3,C0472,1,109,0.015713219629390117
LH518B_8,C0048,1,125,0.014506776167046915
LH518B_8,C0046,1,152,0.012056289161419764
LH518B_10,N2783,1,155,0.011399271334743352
LH518B_5,C0315,1,117,0.009020104523951071
LH518B_2,C0561,1,50,0.008660300606996399
LH518B_12,N2635,1,90,0.006915488839427271
LH518B_10,N2787,1,74,0.006632726325011501
LH518B_4,C0418,1,25,0.0058464097093218
LH518B_6,C0237,1,10,0.00566116725349793
LH518B_5,C0270,1,68,0.0051919998966377294
LH518B_11,N2711,1,102,0.0048300311424530245
LH518B_4,C0413,1,60,0.004178974751856283
LH518B_10,N2785,1,29,0.0033668214718815333
LH518B_1,C0590,1,110,0.002894051423515049
LH518B_7,C0125,1,152,0.0024852675651065095
