lhd,day,t,value
LH518B_5,1,44,0.9985994186438335
LH518B_8,1,39,0.9983458678600916
LH518B_5,1,43,0.9977258923750086
LH518B_7,1,152,0.9974170340142032
LH518B_5,1,135,0.9971048879760265
LH518B_1,1,110,0.9970056758489159
LH518B_10,1,29,0.9965132041183633
LH518B_11,1,134,0.996359760677175
LH518B_3,1,43,0.9963146030942348
LH518B_4,1,60,0.9956684827326232
LH518B_11,1,45,0.9956150934071776
LH518B_11,1,135,0.9953408847998672
LH518B_8,1,130,0.995250646026329
LH518B_11,1,102,0.994982734326019
LH518B_5,1,68,0.9946474679120341
LH518B_5,1,45,0.9936615742550593
LH518B_1,1,133,0.9929886336183783
LH518B_12,1,90,0.992818396504877
LH518B_7,1,135,0.9921121605301602
LH518B_2,1,50,0.9909934433287437
LH518B_5,1,117,0.9906774814760393
LH518B_12,1,40,0.9897781643153455
LH518B_10,1,155,0.9882516345853457
LH518B_12,1,130,0.9867759390606387
LH518B_8,1,125,0.9849528455130824
LH518B_4,1,123,0.9795111120161841
LH518B_10,1,140,0.9780579085092103
LH518B_1,1,43,0.9763287879448255
LH518B_8,1,28,0.9753528107705168
LH518B_6,1,132,0.974400227997037
LH518B_7,1,62,0.9733908006580811
LH518B_5,1,133,0.9705798734155071
LH518B_9,1,134,0.9686398094137696
LH518B_5,1,13,0.9682348214552567
LH518B_4,1,149,0.9679956814537872
LH518B_4,1,127,0.9675827094222589
LH518B_1,1,135,0.9674943078911034
LH518B_2,1,164,0.9672474464446321
LH518B_1,1,94,0.9652759090656785
LH518B_3,1,45,0.9651334410077039
LH518B_3,1,53,0.9640682220204425
LH518B_9,1,45,0.9609925823189405
LH518B_10,1,32,0.960779460876499
LH518B_12,1,47,0.960297595565395
LH518B_1,1,93,0.9560073805840751
LH518B_8,1,59,0.9537013541199378
LH518B_9,1,93,0.9528774332178997
LH518B_6,1,128,0.9483037295425087
LH518B_11,1,55,0.947730770621605
LH518B_2,1,59,0.9441819753000643
LH518B_7,1,53,0.9421224968322478
LH518B_8,1,88,0.9419733213881112
LH518B_10,1,142,0.9418023258888759
LH518B_4,1,119,0.9414099397089222
LH518B_8,1,85,0.9412815225925829
LH518B_6,1,91,0.9412306681918241
LH518B_7,1,104,0.9391861925796338
LH518B_8,1,73,0.9366499240113484
LH518B_12,1,78,0.9352328164354372
LH518B_8,1,93,0.93128744598913
LH518B_5,1,145,0.9290632765092197
LH518B_3,1,75,0.9258536534093065
LH518B_7,1,158,0.9247773231339528
LH518B_5,1,12,0.9247672975287541
LH518B_8,1,112,0.9246004543206588
LH518B_5,1,38,0.9241457687484474
LH518B_9,1,138,0.9225713636663949
LH518B_6,1,147,0.9205150783062176
LH518B_2,1,145,0.9174681318622657
LH518B_5,1,157,0.9174348139039702
LH518B_11,1,21,0.9117139601975734
LH518B_7,1,49,0.9070376108471103
LH518B_8,1,25,0.9031775722362
LH518B_8,1,37,0.902841208920006
LH518B_3,1,105,0.8992481601799738
LH518B_1,1,73,0.8987822558212627
LH518B_2,1,8,0.8948686306373238
LH518B_12,1,50,0.8939088297487797
LH518B_6,1,121,0.8933631655275669
LH518B_12,1,98,0.8919945920262883
LH518B_6,1,155,0.8914621279096749
LH518B_4,1,37,0.8894819631575233
LH518B_6,1,20,0.8889293623052886
LH518B_3,1,109,0.8853160899333014
LH518B_10,1,103,0.8849690964015883
LH518B_7,1,14,0.8841654841636343
LH518B_9,1,152,0.8838552615703419
LH518B_6,1,15,0.8814475203990864
LH518B_6,1,75,0.8808683180590456
LH518B_3,1,155,0.8790205945786798
LH518B_11,1,18,0.875732520382001
LH518B_7,1,98,0.8718308785089252
LH518B_1,1,151,0.8710937385028854
LH518B_1,1,28,0.8682939106414854
LH518B_9,1,83,0.8678245407550765
LH518B_8,1,94,0.8663162583075279
LH518B_9,1,65,0.8630174009345134
LH518B_11,1,95,0.8619536087722924
LH518B_12,1,8,0.8596364309939943
LH518B_1,1,90,0.858497007105312
LH518B_7,1,41,0.8483898597659728
LH518B_11,1,154,0.8435988955707584
LH518B_10,1,25,0.8426925750448301
LH518B_9,1,37,0.838094550941395
LH518B_10,1,13,0.837639268809999
LH518B_2,1,122,0.837400117522916
LH518B_8,1,141,0.8347276132101222
LH518B_8,1,80,0.8250771098991929
LH518B_12,1,160,0.8178020732485816
LH518B_8,1,54,0.816642952749165
LH518B_8,1,119,0.8130211188505451
LH518B_8,1,108,0.811808382212613
LH518B_10,1,162,0.8107695896403712
LH518B_11,1,150,0.8030642058856154
LH518B_6,1,105,0.8000976916278149
LH518B_8,1,100,0.7863621003888004
LH518B_10,1,97,0.7846583102621818
LH518B_10,1,12,0.7840498029683882
LH518B_12,1,147,0.7768521241114646
LH518B_11,1,89,0.7728336824709502
LH518B_8,1,47,0.7715802618086235
LH518B_5,1,9,0.767684530733304
LH518B_7,1,110,0.7639650844496508
LH518B_6,1,79,0.7602634779796767
LH518B_4,1,115,0.7592898363952183
LH518B_8,1,10,0.7505370765337658
LH518B_7,1,55,0.7496301217131949
LH518B_6,1,35,0.7314230803506991
LH518B_6,1,50,0.7278702047189146
LH518B_5,1,143,0.7263601712017504
LH518B_5,1,23,0.7218948444340997
LH518B_1,1,72,0.718586884515816
LH518B_8,1,60,0.7170774369271747
LH518B_1,1,58,0.7146891687926666
LH518B_1,1,128,0.7136651646522325
LH518B_8,1,30,0.713564968801405
LH518B_7,1,97,0.7127370874996122
LH518B_12,1,104,0.7087639196316098
LH518B_11,1,112,0.6964764919243371
LH518B_5,1,124,0.6936293187608011
LH518B_8,1,114,0.6904692779565682
LH518B_8,1,29,0.6887586579397122
LH518B_7,1,165,0.6843044134307993
LH518B_5,1,70,0.6840004536170271
LH518B_7,1,65,0.6835850912738358
LH518B_8,1,148,0.6791329199494671
LH518B_4,1,65,0.6741999786536788
LH518B_11,1,157,0.6733824102552713
LH518B_2,1,100,0.6729445184149184
LH518B_4,1,88,0.6615312701101118
LH518B_7,1,163,0.6497068189517976
LH518B_6,1,123,0.6439037977937184
LH518B_6,1,150,0.6380828745114544
LH518B_3,1,87,0.6335244278436736
LH518B_12,1,114,0.6318419454260981
LH518B_9,1,97,0.6297477625697936
LH518B_2,1,124,0.6239952124079539
LH518B_9,1,107,0.6171542791672776
LH518B_9,1,15,0.6122988903452785
LH518B_12,1,107,0.6098389356790331
LH518B_12,1,164,0.606523473365448
LH518B_12,1,70,0.6046134464105802
LH518B_4,1,87,0.5880057906044807
LH518B_11,1,153,0.5859321729733319
LH518B_4,1,47,0.5659270575773538
LH518B_3,1,72,0.5647405578357323
LH518B_7,1,139,0.5574017909626215
LH518B_10,1,114,0.54663151582842
LH518B_12,1,158,0.5348723373997756
LH518B_4,1,128,0.5018754207910021
LH518B_9,1,12,0.4950351662339128
LH518B_12,1,148,0.47694342607131207
LH518B_4,1,133,0.47432104116751206
LH518B_1,1,100,0.45033975306602264
LH518B_5,1,97,0.44939056346529743
LH518B_2,1,58,0.4469886838282301
LH518B_9,1,70,0.4426571325765926
LH518B_5,1,29,0.43498105021921657
LH518B_10,1,104,0.42618769737317724
LH518B_10,1,112,0.42267984077466114
LH518B_9,1,143,0.41831306060574736
LH518B_9,1,40,0.4119546554449185
LH518B_2,1,88,0.4060632509573614
LH518B_3,1,73,0.40435762775409123
LH518B_7,1,23,0.40317151055772643
LH518B_11,1,117,0.4011355754253642
LH518B_1,1,37,0.39704908118130033
LH518B_10,1,45,0.3917295248247356
LH518B_9,1,132,0.38969563252862227
LH518B_12,1,15,0.38471823274601785
LH518B_10,1,87,0.37250548625904034
LH518B_9,1,102,0.37152686972886095
LH518B_6,1,144,0.36483960235549406
LH518B_2,1,28,0.34546716554226575
LH518B_1,1,22,0.3450840796633498
LH518B_8,1,127,0.34505731428554
LH518B_4,1,154,0.34343004681949224
LH518B_4,1,62,0.3422099008631509
LH518B_1,1,68,0.3419266725305761
LH518B_12,1,89,0.3350835998417377
LH518B_8,1,117,0.3269921603386867
LH518B_10,1,65,0.32289797383323476
LH518B_9,1,130,0.3225540643276068
LH518B_12,1,34,0.31953573238068517
LH518B_3,1,142,0.31770469749373464
LH518B_8,1,144,0.3128265336118301
LH518B_11,1,78,0.3124772390902716
LH518B_3,1,122,0.3111451649738669
LH518B_1,1,132,0.30616770220548045
LH518B_4,1,124,0.3048893847090812
LH518B_8,1,102,0.3035459527380891
LH518B_12,1,122,0.29837244715706573
LH518B_7,1,79,0.29501051902752273
LH518B_4,1,12,0.2947761404561924
LH518B_3,1,65,0.2932534764984276
LH518B_3,1,117,0.289768009622683
LH518B_1,1,92,0.2882092574845635
LH518B_2,1,82,0.28710218559829787
LH518B_5,1,149,0.28571353976586134
LH518B_2,1,52,0.2856231574162864
LH518B_1,1,163,0.2852109563793696
LH518B_9,1,129,0.27509163901472833
LH518B_7,1,87,0.27491499871112385
LH518B_4,1,108,0.2746505257269149
LH518B_4,1,35,0.27284193158245074
LH518B_11,1,127,0.2724702300643187
LH518B_11,1,139,0.2680733515836945
LH518B_1,1,138,0.26476516550518575
LH518B_9,1,74,0.26319207085956053
LH518B_7,1,92,0.26092052682350253
LH518B_8,1,122,0.25888967361913895
LH518B_4,1,53,0.25626631680338324
LH518B_9,1,82,0.24653543110881782
LH518B_1,1,127,0.2449274591132531
LH518B_7,1,123,0.2445892485159361
LH518B_1,1,29,0.24371362874769517
LH518B_1,1,144,0.24327737656286702
LH518B_4,1,57,0.24301211621284732
LH518B_4,1,67,0.24156029889071304
LH518B_12,1,144,0.24136506211920059
LH518B_2,1,119,0.240981775219783
LH518B_2,1,157,0.23819673579605832
LH518B_12,1,27,0.23776006931307733
LH518B_11,1,159,0.23573316860966748
LH518B_7,1,112,0.23504864607482825
LH518B_11,1,49,0.23433313399258346
LH518B_5,1,57,0.23258526997423376
LH518B_3,1,13,0.23126160388740516
LH518B_9,1,53,0.23121220250228655
LH518B_5,1,32,0.2273781143042743
LH518B_5,1,139,0.2263524804146991
LH518B_2,1,139,0.2237017108975599
LH518B_2,1,27,0.2215784150652812
LH518B_3,1,113,0.22077751565361897
LH518B_7,1,124,0.22030786342184522
LH518B_9,1,112,0.2108074408878159
LH518B_11,1,161,0.20863078155093773
LH518B_2,1,103,0.20275095055259051
LH518B_6,1,72,0.19902099134022422
LH518B_10,1,24,0.19857532722369
LH518B_6,1,17,0.19772229909625166
LH518B_3,1,42,0.19708346313007788
LH518B_11,1,108,0.1925708555448299
LH518B_1,1,78,0.1911301126079753
LH518B_10,1,47,0.1850513146283722
LH518B_7,1,22,0.18073273789432412
LH518B_5,1,33,0.18017951007349303
LH518B_12,1,37,0.17966523899649842
LH518B_10,1,62,0.177323890968606
LH518B_9,1,13,0.17641108322121446
LH518B_3,1,63,0.17613498133579028
LH518B_12,1,92,0.1739874093152286
LH518B_1,1,33,0.17112944961395937
LH518B_2,1,148,0.17090178842460862
LH518B_6,1,139,0.169639492907655
LH518B_8,1,83,0.16572651968194327
LH518B_11,1,48,0.16563044274542085
LH518B_4,1,134,0.1644590597777268
LH518B_8,1,67,0.16404408824914726
LH518B_10,1,99,0.16223216458147255
LH518B_9,1,63,0.16190117678334193
LH518B_3,1,114,0.1605961333253583
LH518B_9,1,123,0.15568135625572413
LH518B_3,1,104,0.14974285472034268
LH518B_9,1,39,0.1486855432627661
LH518B_3,1,143,0.1452766667399404
LH518B_3,1,147,0.1449399311432435
LH518B_2,1,137,0.14394628019192957
LH518B_3,1,98,0.14195373628250307
LH518B_5,1,60,0.14105800031712135
LH518B_10,1,22,0.13976004028638203
LH518B_2,1,162,0.13828320417299714
LH518B_3,1,77,0.1375011581233789
LH518B_1,1,30,0.13481919133303302
LH518B_7,1,78,0.13272949398273337
LH518B_3,1,84,0.1307731850784573
LH518B_8,1,107,0.12947155428737744
LH518B_10,1,157,0.12652598755410074
LH518B_1,1,107,0.12496573609044685
LH518B_3,1,48,0.12491054438195874
LH518B_10,1,115,0.12383254121283248
LH518B_2,1,17,0.12356030122536063
LH518B_2,1,118,0.12274822322758656
LH518B_9,1,42,0.12162115057285448
LH518B_2,1,153,0.12073450314670242
LH518B_3,1,9,0.11861642515566029
LH518B_11,1,67,0.11847643148022151
LH518B_4,1,99,0.11545914013316724
LH518B_8,1,99,0.11532964972224068
LH518B_10,1,50,0.11522772824833202
LH518B_2,1,125,0.11386815817232832
LH518B_4,1,44,0.11365139884360567
LH518B_5,1,48,0.1125048500430303
LH518B_5,1,50,0.1071038983557635
LH518B_4,1,25,0.10519404789052422
LH518B_5,1,63,0.10247688703112467
LH518B_9,1,30,0.10150877215311738
LH518B_10,1,64,0.09958913318957593
LH518B_11,1,124,0.09940273008163122
LH518B_1,1,95,0.09899605724194967
LH518B_10,1,20,0.09731554730511105
LH518B_10,1,128,0.09661145500839659
LH518B_12,1,113,0.0964846795949111
LH518B_9,1,80,0.09633945518116219
LH518B_11,1,57,0.09453592124408741
LH518B_1,1,23,0.09290668111482914
LH518B_3,1,159,0.09242535852779954
LH518B_2,1,83,0.09189824110922995
LH518B_7,1,25,0.09104563178294356
LH518B_3,1,20,0.08921759121855183
LH518B_12,1,35,0.0887786741030632
LH518B_1,1,89,0.08668122395130905
LH518B_10,1,52,0.08529647741449597
LH518B_4,1,140,0.08522165313075297
LH518B_1,1,80,0.08440706133631937
LH518B_5,1,69,0.07901656995147105
LH518B_11,1,17,0.07897851488032544
LH518B_3,1,49,0.07821901820564361
LH518B_7,1,42,0.07681005452141867
LH518B_1,1,70,0.075760802717083
LH518B_1,1,85,0.07472480525928914
LH518B_6,1,34,0.07022460154968069
LH518B_7,1,159,0.06978935844366796
LH518B_6,1,44,0.06740512281492371
LH518B_4,1,18,0.06729007072470575
LH518B_5,1,129,0.06506721333288479
LH518B_7,1,113,0.06405146502916988
LH518B_4,1,152,0.0634671446275188
LH518B_7,1,82,0.06288629950566471
LH518B_8,1,74,0.06253995390815481
LH518B_9,1,72,0.06211365880146123
LH518B_3,1,129,0.061669741502657596
LH518B_2,1,15,0.06165151469062202
LH518B_3,1,158,0.060896024777933086
LH518B_3,1,35,0.06013087644285255
LH518B_8,1,84,0.05781527767687185
LH518B_8,1,103,0.05734725453363388
LH518B_2,1,55,0.056503323011033876
LH518B_6,1,162,0.0562136719045438
LH518B_10,1,118,0.05600189906635809
LH518B_2,1,84,0.05323031181220727
LH518B_12,1,10,0.052078635618489924
LH518B_11,1,23,0.05191279215086875
LH518B_6,1,77,0.0506605757079651
LH518B_8,1,19,0.04926917444230325
LH518B_5,1,49,0.048532726640171386
LH518B_2,1,106,0.04613500727677333
LH518B_7,1,89,0.04532188524020786
LH518B_9,1,120,0.04235575681229139
LH518B_1,1,10,0.04153233519068841
LH518B_11,1,105,0.04124813887786119
LH518B_8,1,24,0.04043689823884309
LH518B_5,1,27,0.03910638896255034
LH518B_9,1,54,0.03881416372716226
LH518B_11,1,77,0.038456200958817105
LH518B_12,1,14,0.03774499682089378
LH518B_12,1,60,0.03599888642973363
LH518B_3,1,69,0.035476835153991026
LH518B_7,1,118,0.034821706491655044
LH518B_10,1,150,0.034183819006030916
LH518B_12,1,79,0.03049846160177838
LH518B_8,1,115,0.02933582098984329
LH518B_9,1,75,0.027908462844515668
LH518B_12,1,85,0.025780479989896257
LH518B_1,1,19,0.02427801965924707
LH518B_4,1,74,0.02387410266875252
LH518B_10,1,58,0.020804264001641877
LH518B_11,1,125,0.019773854457446914
LH518B_2,1,123,0.019600311955506055
LH518B_4,1,79,0.015990013629089167
LH518B_6,1,37,0.015541876947965147
LH518B_8,1,109,0.015408281139250975
LH518B_2,1,112,0.015193698702568578
LH518B_12,1,100,0.013876732959217132
LH518B_8,1,58,0.01288382593584362
LH518B_3,1,14,0.008987784993508142
LH518B_1,1,40,0.008432095658853028
LH518B_9,1,84,0.007082122016735012
LH518B_3,1,97,0.006774360656028013
LH518B_8,1,153,0.006680402909112121
LH518B_4,1,38,0.006068708767062905
LH518B_1,1,120,0.005874699374829734
LH518B_2,1,64,0.005161073525915244
LH518B_7,1,95,0.004456402934435423
LH518B_12,1,149,0.001575079274635488
LH518B_12,1,119,0.0004629743121696839
