var,index,value,fractionality
Z,"('LH518B_5', 1, 53.0)",0.5003966051774651,0.4996033948225349
Y,"('LH518B_5', 'C0270', 1, 53.0)",0.49960339482253485,0.49960339482253485
Y,"('LH518B_3', 'C0507', 1, 114.0)",0.4987043218011738,0.4987043218011738
Z,"('LH518B_1', 1, 161.0)",0.4981369191702831,0.4981369191702831
Y,"('LH518B_9', 'N2826', 1, 137.0)",0.497966601492526,0.497966601492526
Z,"('LH518B_10', 1, 115.0)",0.49187747948519356,0.49187747948519356
Y,"('LH518B_10', 'N2746', 1, 55.0)",0.508135418348668,0.49186458165133196
Z,"('LH518B_10', 1, 55.0)",0.49186458165133196,0.49186458165133196
Y,"('LH518B_10', 'N2754', 1, 8.0)",0.5081470396067275,0.49185296039327253
Z,"('LH518B_10', 1, 126.0)",0.49181563346294993,0.49181563346294993
Y,"('LH518B_12', 'N2637', 1, 156.0)",0.508184607120159,0.491815392879841
Y,"('LH518B_12', 'N2638', 1, 156.0)",0.491815392879841,0.491815392879841
Z,"('LH518B_11', 1, 3.0)",0.4918096678193229,0.4918096678193229
Z,"('LH518B_10', 1, 8.0)",0.4893445708874018,0.4893445708874018
Y,"('LH518B_3', 'C0509', 1, 67.0)",0.5131856923260583,0.48681430767394174
Y,"('LH518B_2', 'C0565', 1, 71.0)",0.48681430767394174,0.48681430767394174
Y,"('LH518B_2', 'C0532', 1, 71.0)",0.5131856923260583,0.48681430767394174
Y,"('LH518B_3', 'C0483', 1, 67.0)",0.4868143076739417,0.4868143076739417
Y,"('LH518B_6', 'C0197', 1, 62.0)",0.48634518809213756,0.48634518809213756
Y,"('LH518B_8', 'C0084', 1, 127.0)",0.5136560116895371,0.4863439883104629
Z,"('LH518B_8', 1, 127.0)",0.4863439883104629,0.4863439883104629
Y,"('LH518B_6', 'C0198', 1, 164.0)",0.5136583166767664,0.4863416833232336
Z,"('LH518B_6', 1, 164.0)",0.4863416833232336,0.4863416833232336
Y,"('LH518B_6', 'C0240', 1, 67.0)",0.5136813942757741,0.4863186057242259
Y,"('LH518B_6', 'C0236', 1, 67.0)",0.48631860572422586,0.48631860572422586
Z,"('LH518B_5', 1, 150.0)",0.4862879989785398,0.4862879989785398
Y,"('LH518B_7', 'C0127', 1, 23.0)",0.5143454499740101,0.4856545500259899
Z,"('LH518B_11', 1, 11.0)",0.47276963217595436,0.47276963217595436
Z,"('LH518B_4', 1, 164.0)",0.5322014958870043,0.46779850411299573
Y,"('LH518B_7', 'C0160', 1, 147.0)",0.5363080063087616,0.46369199369123837
Z,"('LH518B_7', 1, 147.0)",0.46369199369123837,0.46369199369123837
Y,"('LH518B_12', 'N2639', 1, 51.0)",0.5411293173434957,0.4588706826565043
Z,"('LH518B_12', 1, 51.0)",0.4588706826565043,0.4588706826565043
Y,"('LH518B_5', 'C0275', 1, 150.0)",0.45750120169492203,0.45750120169492203
Y,"('LH518B_6', 'C0195', 1, 62.0)",0.4574487336651005,0.4574487336651005
Y,"('LH518B_5', 'C0274', 1, 162.0)",0.4574455574367943,0.4574455574367943
Y,"('LH518B_5', 'C0272', 1, 162.0)",0.5425544425632057,0.45744555743679427
Y,"('LH518B_6', 'C0202', 1, 75.0)",0.54255469653201,0.45744530346798995
Y,"('LH518B_6', 'C0243', 1, 75.0)",0.4574453034679899,0.4574453034679899
Y,"('LH518B_8', 'C0091', 1, 108.0)",0.45744043897088194,0.45744043897088194
Z,"('LH518B_8', 1, 108.0)",0.5425595610291181,0.45744043897088194
Y,"('LH518B_1', 'C0616', 1, 60.0)",0.5427898698863535,0.45721013011364653
Y,"('LH518B_8', 'C0087', 1, 35.0)",0.45510966114421336,0.45510966114421336
Z,"('LH518B_8', 1, 35.0)",0.5448903388557866,0.45510966114421336
Y,"('LH518B_12', 'N2633', 1, 161.0)",0.4547100318753141,0.4547100318753141
Z,"('LH518B_12', 1, 161.0)",0.5452899681246859,0.4547100318753141
Y,"('LH518B_10', 'N2791', 1, 126.0)",0.45470966681753516,0.45470966681753516
Y,"('LH518B_9', 'N2830', 1, 144.0)",0.45470954719085943,0.45470954719085943
Z,"('LH518B_9', 1, 144.0)",0.5452904528091406,0.45470954719085943
Y,"('LH518B_9', 'N2860', 1, 91.0)",0.4547094061692374,0.4547094061692374
Z,"('LH518B_9', 1, 91.0)",0.5452905938307626,0.4547094061692374
Y,"('LH518B_11', 'N2711', 1, 21.0)",0.4547090519149818,0.4547090519149818
Z,"('LH518B_11', 1, 21.0)",0.5452909480850182,0.4547090519149818
Y,"('LH518B_11', 'N2714', 1, 75.0)",0.45468858718743405,0.45468858718743405
Z,"('LH518B_11', 1, 75.0)",0.545311412812566,0.454688587187434
Y,"('LH518B_10', 'N2788', 1, 115.0)",0.4546472988611445,0.4546472988611445
Y,"('LH518B_4', 'C0450', 1, 152.0)",0.5463561093511292,0.4536438906488708
Z,"('LH518B_4', 1, 152.0)",0.4536438906488708,0.4536438906488708
Y,"('LH518B_3', 'C0505', 1, 91.0)",0.4524362553469007,0.4524362553469007
Z,"('LH518B_3', 1, 91.0)",0.5475637446530993,0.4524362553469007
Y,"('LH518B_2', 'C0529', 1, 141.0)",0.549457063008807,0.45054293699119297
Y,"('LH518B_7', 'C0160', 1, 67.0)",0.5501117467776582,0.4498882532223418
Y,"('LH518B_9', 'N2857', 1, 137.0)",0.44855828415224647,0.44855828415224647
Y,"('LH518B_4', 'C0418', 1, 106.0)",0.5555489812907164,0.4444510187092836
Y,"('LH518B_4', 'C0410', 1, 106.0)",0.44445101870928355,0.44445101870928355
Y,"('LH518B_4', 'C0418', 1, 2.0)",0.5562404880083154,0.4437595119916846
Y,"('LH518B_9', 'N2858', 1, 105.0)",0.5616587378700028,0.43834126212999724
Z,"('LH518B_9', 1, 105.0)",0.43834126212999724,0.43834126212999724
Y,"('LH518B_9', 'N2829', 1, 58.0)",0.5617288457681083,0.43827115423189167
Z,"('LH518B_9', 1, 58.0)",0.43827115423189167,0.43827115423189167
Y,"('LH518B_11', 'N2710', 1, 41.0)",0.5623308335864159,0.4376691664135841
Z,"('LH518B_11', 1, 41.0)",0.4376691664135841,0.4376691664135841
Y,"('LH518B_1', 'C0619', 1, 101.0)",0.4364272888893733,0.4364272888893733
Z,"('LH518B_1', 1, 101.0)",0.5635727111106267,0.4364272888893733
Z,"('LH518B_4', 1, 162.0)",0.5639865022407976,0.4360134977592024
Y,"('LH518B_6', 'C0238', 1, 128.0)",0.43540520619712564,0.43540520619712564
Z,"('LH518B_6', 1, 128.0)",0.5645947938028744,0.43540520619712564
Z,"('LH518B_1', 1, 163.0)",0.5646134549008445,0.43538654509915553
Z,"('LH518B_4', 1, 3.0)",0.5660206681544873,0.43397933184551274
Y,"('LH518B_5', 'C0313', 1, 75.0)",0.5699167900094363,0.4300832099905637
Z,"('LH518B_5', 1, 75.0)",0.4300832099905637,0.4300832099905637
Y,"('LH518B_3', 'C0506', 1, 34.0)",0.5702209734081715,0.42977902659182854
Y,"('LH518B_7', 'C0126', 1, 71.0)",0.5702676842967495,0.42973231570325054
Y,"('LH518B_8', 'C0048', 1, 25.0)",0.570307603706837,0.429692396293163
Y,"('LH518B_3', 'C0506', 1, 72.0)",0.5703989583195356,0.4296010416804644
Z,"('LH518B_3', 1, 72.0)",0.4296010416804644,0.4296010416804644
Y,"('LH518B_2', 'C0530', 1, 69.0)",0.5707776509925592,0.42922234900744083
Y,"('LH518B_2', 'C0557', 1, 150.0)",0.42838233569372763,0.42838233569372763
Y,"('LH518B_2', 'C0530', 1, 150.0)",0.5716176643062724,0.42838233569372763
Y,"('LH518B_7', 'C0127', 1, 101.0)",0.5720743031124097,0.4279256968875903
Z,"('LH518B_7', 1, 101.0)",0.4279256968875903,0.4279256968875903
Y,"('LH518B_8', 'C0047', 1, 97.0)",0.42789496989743,0.42789496989743
Z,"('LH518B_8', 1, 97.0)",0.5721050301025701,0.4278949698974299
Y,"('LH518B_8', 'C0082', 1, 149.0)",0.427435569119725,0.427435569119725
Z,"('LH518B_8', 1, 149.0)",0.572564430880275,0.427435569119725
Y,"('LH518B_5', 'C0313', 1, 36.0)",0.572712129996281,0.42728787000371904
Y,"('LH518B_5', 'C0306', 1, 36.0)",0.427287870003719,0.427287870003719
Y,"('LH518B_8', 'C0084', 1, 163.0)",0.5727637413968827,0.4272362586031173
Z,"('LH518B_8', 1, 75.0)",0.572766250278435,0.427233749721565
Y,"('LH518B_7', 'C0119', 1, 23.0)",0.42719114461021473,0.42719114461021473
Z,"('LH518B_3', 1, 114.0)",0.426821240235116,0.426821240235116
Y,"('LH518B_9', 'N2829', 1, 69.0)",0.57816591446236,0.42183408553764
Y,"('LH518B_12', 'N2637', 1, 145.0)",0.5782351459662608,0.4217648540337392
Y,"('LH518B_1', 'C0616', 1, 111.0)",0.5790612648058929,0.42093873519410707
Y,"('LH518B_5', 'C0269', 1, 4.0)",0.4131836417361151,0.4131836417361151
Y,"('LH518B_5', 'C0270', 1, 4.0)",0.5868163582638849,0.4131836417361151
Y,"('LH518B_9', 'N2826', 1, 121.0)",0.588453151593894,0.411546848406106
Y,"('LH518B_5', 'C0272', 1, 17.0)",0.5925889492226389,0.40741105077736106
Z,"('LH518B_5', 1, 17.0)",0.40741105077736106,0.40741105077736106
Z,"('LH518B_11', 1, 12.0)",0.5931554371654069,0.40684456283459314
Y,"('LH518B_6', 'C0202', 1, 153.0)",0.596460983782915,0.403539016217085
Z,"('LH518B_6', 1, 153.0)",0.403539016217085,0.403539016217085
Z,"('LH518B_5', 1, 57.0)",0.598765432098765,0.401234567901235
Y,"('LH518B_5', 'C0308', 1, 57.0)",0.40123456790123496,0.40123456790123496
Y,"('LH518B_7', 'C0124', 1, 91.0)",0.40123456790123496,0.40123456790123496
Y,"('LH518B_7', 'C0165', 1, 91.0)",0.5987654320987651,0.4012345679012349
Y,"('LH518B_1', 'C0620', 1, 5.0)",0.40123456790123485,0.40123456790123485
Y,"('LH518B_10', 'N2753', 1, 44.0)",0.40123456790123485,0.40123456790123485
Y,"('LH518B_4', 'C0446', 1, 53.0)",0.40123456790123485,0.40123456790123485
Y,"('LH518B_12', 'N2632', 1, 64.0)",0.40123456790123485,0.40123456790123485
Y,"('LH518B_6', 'C0239', 1, 64.0)",0.40123456790123485,0.40123456790123485
Y,"('LH518B_9', 'N2825', 1, 126.0)",0.40123456790123485,0.40123456790123485
Y,"('LH518B_11', 'N2715', 1, 128.0)",0.40123456790123485,0.40123456790123485
Y,"('LH518B_7', 'C0163', 1, 129.0)",0.40123456790123485,0.40123456790123485
Y,"('LH518B_4', 'C0449', 1, 162.0)",0.40123456790123485,0.40123456790123485
Y,"('LH518B_4', 'C0413', 1, 165.0)",0.40123456790123485,0.40123456790123485
Y,"('LH518B_1', 'C0582', 1, 60.0)",0.4012345679012348,0.4012345679012348
Y,"('LH518B_4', 'C0450', 1, 165.0)",0.5987654320987652,0.4012345679012348
Z,"('LH518B_1', 1, 5.0)",0.5987654320987652,0.4012345679012348
Z,"('LH518B_10', 1, 44.0)",0.5987654320987652,0.4012345679012348
Z,"('LH518B_11', 1, 128.0)",0.5987654320987652,0.4012345679012348
Z,"('LH518B_12', 1, 64.0)",0.5987654320987652,0.4012345679012348
Z,"('LH518B_4', 1, 53.0)",0.5987654320987652,0.4012345679012348
Z,"('LH518B_6', 1, 64.0)",0.5987654320987652,0.4012345679012348
Z,"('LH518B_7', 1, 129.0)",0.5987654320987652,0.4012345679012348
Z,"('LH518B_9', 1, 126.0)",0.5987654320987652,0.4012345679012348
Y,"('LH518B_6', 'C0197', 1, 7.0)",0.6000745649942822,0.39992543500571776
Y,"('LH518B_6', 'C0199', 1, 7.0)",0.39992543500571776,0.39992543500571776
Z,"('LH518B_4', 1, 163.0)",0.39932331091451967,0.39932331091451967
Y,"('LH518B_1', 'C0584', 1, 105.0)",0.6043548979634145,0.39564510203658554
Z,"('LH518B_2', 1, 141.0)",0.394567374778781,0.394567374778781
Y,"('LH518B_7', 'C0130', 1, 67.0)",0.39371696081200325,0.39371696081200325
N_batteries,station_1,0.39347530768520006,0.39347530768520006
N_batteries,station_2,0.39347530768520006,0.39347530768520006
Y,"('LH518B_2', 'C0560', 1, 7.0)",0.38925521887460646,0.38925521887460646
Y,"('LH518B_2', 'C0565', 1, 7.0)",0.6107447811253935,0.38925521887460646
Y,"('LH518B_3', 'C0507', 1, 159.0)",0.6109969719446294,0.38900302805537057
Z,"('LH518B_12', 1, 146.0)",0.620192755772051,0.379807244227949
Z,"('LH518B_9', 1, 121.0)",0.3768052910441648,0.3768052910441648
N_batteries,station_3,0.3743251254841088,0.3743251254841088
Z,"('LH518B_7', 1, 71.0)",0.3735014901420747,0.3735014901420747
Y,"('LH518B_2', 'C0556', 1, 74.0)",0.37233250753273134,0.37233250753273134
Z,"('LH518B_2', 1, 74.0)",0.6276674924672687,0.3723325075327313
Y,"('LH518B_8', 'C0048', 1, 145.0)",0.628649998919764,0.37135000108023597
Z,"('LH518B_8', 1, 145.0)",0.37135000108023597,0.37135000108023597
Y,"('LH518B_3', 'C0477', 1, 4.0)",0.3712103836840829,0.3712103836840829
Z,"('LH518B_3', 1, 4.0)",0.6287896163159171,0.3712103836840829
Y,"('LH518B_5', 'C0275', 1, 63.0)",0.6289185513914978,0.37108144860850223
Y,"('LH518B_8', 'C0093', 1, 25.0)",0.37106530305777996,0.37106530305777996
Y,"('LH518B_8', 'C0092', 1, 75.0)",0.37102560317486993,0.37102560317486993
Y,"('LH518B_8', 'C0056', 1, 46.0)",0.3710255922083867,0.3710255922083867
Z,"('LH518B_8', 1, 46.0)",0.6289744077916133,0.3710255922083867
Z,"('LH518B_8', 1, 98.0)",0.6289744251751712,0.3710255748248288
Y,"('LH518B_8', 'C0044', 1, 98.0)",0.37102557482482873,0.37102557482482873
Y,"('LH518B_6', 'C0198', 1, 151.0)",0.628974425869991,0.37102557413000903
Y,"('LH518B_6', 'C0234', 1, 151.0)",0.371025574130009,0.371025574130009
Y,"('LH518B_6', 'C0240', 1, 160.0)",0.6289744439483688,0.37102555605163123
Y,"('LH518B_6', 'C0243', 1, 159.0)",0.62897444961843,0.37102555038157004
Y,"('LH518B_6', 'C0236', 1, 152.0)",0.6289744599579138,0.3710255400420862
Y,"('LH518B_8', 'C0055', 1, 163.0)",0.37102548459178775,0.37102548459178775
Y,"('LH518B_7', 'C0126', 1, 94.0)",0.6289780411546758,0.3710219588453242
Y,"('LH518B_8', 'C0091', 1, 72.0)",0.6289793141155379,0.37102068588446213
Y,"('LH518B_8', 'C0045', 1, 37.0)",0.37100454114415077,0.37100454114415077
Z,"('LH518B_8', 1, 37.0)",0.6289954588558493,0.3710045411441507
Z,"('LH518B_6', 1, 73.0)",0.6289966034451921,0.37100339655480785
Y,"('LH518B_11', 'N2705', 1, 12.0)",0.3708361746065623,0.3708361746065623
Z,"('LH518B_3', 1, 74.0)",0.6292096229727728,0.37079037702722717
Y,"('LH518B_2', 'C0555', 1, 127.0)",0.37079037702722684,0.37079037702722684
Y,"('LH518B_2', 'C0532', 1, 127.0)",0.6292096229727732,0.37079037702722684
Y,"('LH518B_3', 'C0510', 1, 34.0)",0.3707903770272268,0.3707903770272268
Y,"('LH518B_1', 'C0593', 1, 161.0)",0.3707903770272268,0.3707903770272268
Y,"('LH518B_3', 'C0473', 1, 62.0)",0.37053984121728767,0.37053984121728767
Z,"('LH518B_3', 1, 62.0)",0.6294601587827123,0.37053984121728767
Y,"('LH518B_11', 'N2710', 1, 154.0)",0.631034577527541,0.368965422472459
Y,"('LH518B_11', 'N2670', 1, 154.0)",0.36896542247245895,0.36896542247245895
Y,"('LH518B_9', 'N2831', 1, 69.0)",0.36834298886796524,0.36834298886796524
Y,"('LH518B_11', 'N2679', 1, 3.0)",0.36829534113010515,0.36829534113010515
Y,"('LH518B_11', 'N2706', 1, 97.0)",0.36829309704726754,0.36829309704726754
Z,"('LH518B_11', 1, 97.0)",0.6317069029527325,0.36829309704726754
Y,"('LH518B_11', 'N2707', 1, 11.0)",0.3682904049072375,0.3682904049072375
Y,"('LH518B_12', 'N2633', 1, 111.0)",0.6317097212111057,0.3682902787888943
Y,"('LH518B_10', 'N2781', 1, 72.0)",0.3682899137311154,0.3682899137311154
Y,"('LH518B_10', 'N2791', 1, 72.0)",0.6317100862688846,0.3682899137311154
Y,"('LH518B_12', 'N2630', 1, 145.0)",0.3682898718272927,0.3682898718272927
Y,"('LH518B_10', 'N2748', 1, 12.0)",0.631710138605459,0.368289861394541
Y,"('LH518B_10', 'N2744', 1, 12.0)",0.3682898613945409,0.3682898613945409
Y,"('LH518B_12', 'N2639', 1, 159.0)",0.6317101888293439,0.36828981117065607
Y,"('LH518B_9', 'N2830', 1, 147.0)",0.6317102058955604,0.3682897941044396
Y,"('LH518B_11', 'N2711', 1, 131.0)",0.631710701171438,0.368289298828562
Y,"('LH518B_11', 'N2716', 1, 131.0)",0.36828929882856193,0.36828929882856193
Y,"('LH518B_11', 'N2668', 1, 42.0)",0.36826883410101435,0.36826883410101435
Y,"('LH518B_11', 'N2714', 1, 42.0)",0.6317311658989857,0.3682688341010143
Y,"('LH518B_10', 'N2754', 1, 5.0)",0.6317477123135034,0.36825228768649665
Y,"('LH518B_10', 'N2755', 1, 5.0)",0.3682522876864966,0.3682522876864966
Y,"('LH518B_3', 'C0505', 1, 6.0)",0.6339834977395191,0.3660165022604809
Y,"('LH518B_3', 'C0482', 1, 6.0)",0.3660165022604809,0.3660165022604809
Z,"('LH518B_1', 1, 111.0)",0.363688861030449,0.363688861030449
Y,"('LH518B_2', 'C0529', 1, 59.0)",0.6470607202183196,0.3529392797816804
S,"('station_1', 1, 1.0)",0.3504040596292529,0.3504040596292529
Y,"('LH518B_1', 'C0619', 1, 156.0)",0.6499924641970465,0.3500075358029535
Y,"('LH518B_1', 'C0588', 1, 156.0)",0.3500075358029535,0.3500075358029535
Y,"('LH518B_4', 'C0409', 1, 163.0)",0.3495115508497455,0.3495115508497455
Y,"('LH518B_1', 'C0611', 1, 163.0)",0.3489667920127357,0.3489667920127357
Y,"('LH518B_4', 'C0419', 1, 3.0)",0.3479836559299112,0.3479836559299112
Z,"('LH518B_4', 1, 2.0)",0.3453906850703846,0.3453906850703846
Y,"('LH518B_8', 'C0047', 1, 157.0)",0.6585247831889898,0.34147521681101023
Z,"('LH518B_2', 1, 1.0)",0.662050761918074,0.337949238081926
Y,"('LH518B_2', 'C0562', 1, 1.0)",0.33794923808192595,0.33794923808192595
S,"('station_2', 1, 1.0)",0.3374997454727883,0.3374997454727883
Y,"('LH518B_1', 'C0612', 1, 105.0)",0.3371209159216813,0.3371209159216813
Y,"('LH518B_1', 'C0610', 1, 153.0)",0.33556003711764304,0.33556003711764304
Y,"('LH518B_1', 'C0584', 1, 153.0)",0.664439962882357,0.33556003711764304
Z,"('LH518B_9', 1, 142.0)",0.6667388117840461,0.33326118821595385
Y,"('LH518B_2', 'C0537', 1, 159.0)",0.32675209796427895,0.32675209796427895
Z,"('LH518B_2', 1, 159.0)",0.673247902035721,0.32675209796427895
Y,"('LH518B_12', 'N2602', 1, 146.0)",0.32633229079826537,0.32633229079826537
Y,"('LH518B_4', 'C0440', 1, 164.0)",0.32540318881416413,0.32540318881416413
S,"('station_3', 1, 1.0)",0.3210738567514643,0.3210738567514643
Y,"('LH518B_12', 'N2638', 1, 119.0)",0.6797190645111831,0.32028093548881686
Z,"('LH518B_12', 1, 119.0)",0.32028093548881686,0.32028093548881686
Y,"('LH518B_7', 'C0124', 1, 8.0)",0.6851851851851849,0.3148148148148151
Y,"('LH518B_5', 'C0316', 1, 13.0)",0.6851851851851849,0.3148148148148151
Y,"('LH518B_5', 'C0308', 1, 27.0)",0.6851851851851849,0.3148148148148151
Y,"('LH518B_4', 'C0446', 1, 28.0)",0.6851851851851849,0.3148148148148151
Y,"('LH518B_3', 'C0509', 1, 41.0)",0.6851851851851849,0.3148148148148151
Y,"('LH518B_9', 'N2825', 1, 50.0)",0.6851851851851849,0.3148148148148151
Y,"('LH518B_5', 'C0316', 1, 69.0)",0.6851851851851849,0.3148148148148151
Y,"('LH518B_8', 'C0087', 1, 70.0)",0.6851851851851849,0.3148148148148151
Y,"('LH518B_10', 'N2788', 1, 95.0)",0.6851851851851849,0.3148148148148151
Y,"('LH518B_7', 'C0163', 1, 96.0)",0.6851851851851849,0.3148148148148151
Y,"('LH518B_10', 'N2748', 1, 101.0)",0.6851851851851849,0.3148148148148151
Y,"('LH518B_6', 'C0239', 1, 104.0)",0.6851851851851849,0.3148148148148151
Y,"('LH518B_1', 'C0620', 1, 106.0)",0.6851851851851849,0.3148148148148151
Y,"('LH518B_11', 'N2715', 1, 121.0)",0.6851851851851849,0.3148148148148151
Y,"('LH518B_12', 'N2632', 1, 134.0)",0.6851851851851849,0.3148148148148151
Y,"('LH518B_4', 'C0449', 1, 137.0)",0.6851851851851849,0.3148148148148151
Y,"('LH518B_7', 'C0165', 1, 139.0)",0.6851851851851849,0.3148148148148151
Y,"('LH518B_9', 'N2860', 1, 145.0)",0.6851851851851849,0.3148148148148151
Y,"('LH518B_5', 'C0274', 1, 155.0)",0.6851851851851849,0.3148148148148151
Y,"('LH518B_4', 'C0413', 1, 157.0)",0.6851851851851849,0.3148148148148151
Y,"('LH518B_10', 'N2753', 1, 158.0)",0.6851851851851849,0.3148148148148151
Z,"('LH518B_1', 1, 74.0)",0.6851851851851849,0.3148148148148151
Z,"('LH518B_12', 1, 54.0)",0.6851851851851849,0.3148148148148151
Z,"('LH518B_2', 1, 163.0)",0.6851851851851849,0.3148148148148151
Z,"('LH518B_2', 1, 165.0)",0.6851851851851849,0.3148148148148151
Z,"('LH518B_3', 1, 1.0)",0.6851851851851849,0.3148148148148151
Z,"('LH518B_6', 1, 154.0)",0.6851851851851849,0.3148148148148151
Z,"('LH518B_7', 1, 72.0)",0.6851851851851849,0.3148148148148151
Z,"('LH518B_7', 1, 141.0)",0.6851851851851849,0.3148148148148151
Y,"('LH518B_3', 'C0499', 1, 1.0)",0.31481481481481505,0.31481481481481505
Y,"('LH518B_7', 'C0131', 1, 8.0)",0.31481481481481505,0.31481481481481505
Y,"('LH518B_5', 'C0268', 1, 13.0)",0.31481481481481505,0.31481481481481505
Y,"('LH518B_5', 'C0279', 1, 27.0)",0.31481481481481505,0.31481481481481505
Y,"('LH518B_4', 'C0441', 1, 28.0)",0.31481481481481505,0.31481481481481505
Y,"('LH518B_3', 'C0501', 1, 41.0)",0.31481481481481505,0.31481481481481505
Y,"('LH518B_9', 'N2821', 1, 50.0)",0.31481481481481505,0.31481481481481505
Y,"('LH518B_12', 'N2640', 1, 54.0)",0.31481481481481505,0.31481481481481505
Y,"('LH518B_2', 'C0528', 1, 59.0)",0.31481481481481505,0.31481481481481505
Y,"('LH518B_5', 'C0280', 1, 63.0)",0.31481481481481505,0.31481481481481505
Y,"('LH518B_2', 'C0538', 1, 69.0)",0.31481481481481505,0.31481481481481505
Y,"('LH518B_5', 'C0307', 1, 69.0)",0.31481481481481505,0.31481481481481505
Y,"('LH518B_8', 'C0054', 1, 70.0)",0.31481481481481505,0.31481481481481505
Y,"('LH518B_7', 'C0157', 1, 72.0)",0.31481481481481505,0.31481481481481505
Y,"('LH518B_8', 'C0083', 1, 72.0)",0.31481481481481505,0.31481481481481505
Y,"('LH518B_6', 'C0205', 1, 73.0)",0.31481481481481505,0.31481481481481505
Y,"('LH518B_1', 'C0592', 1, 74.0)",0.31481481481481505,0.31481481481481505
Y,"('LH518B_3', 'C0500', 1, 74.0)",0.31481481481481505,0.31481481481481505
Y,"('LH518B_7', 'C0129', 1, 94.0)",0.31481481481481505,0.31481481481481505
Y,"('LH518B_10', 'N2792', 1, 95.0)",0.31481481481481505,0.31481481481481505
Y,"('LH518B_7', 'C0168', 1, 96.0)",0.31481481481481505,0.31481481481481505
Y,"('LH518B_10', 'N2782', 1, 101.0)",0.31481481481481505,0.31481481481481505
Y,"('LH518B_6', 'C0232', 1, 104.0)",0.31481481481481505,0.31481481481481505
Y,"('LH518B_1', 'C0583', 1, 106.0)",0.31481481481481505,0.31481481481481505
Y,"('LH518B_12', 'N2631', 1, 111.0)",0.31481481481481505,0.31481481481481505
Y,"('LH518B_11', 'N2669', 1, 121.0)",0.31481481481481505,0.31481481481481505
Y,"('LH518B_12', 'N2594', 1, 134.0)",0.31481481481481505,0.31481481481481505
Y,"('LH518B_4', 'C0451', 1, 137.0)",0.31481481481481505,0.31481481481481505
Y,"('LH518B_7', 'C0120', 1, 139.0)",0.31481481481481505,0.31481481481481505
Y,"('LH518B_7', 'C0158', 1, 141.0)",0.31481481481481505,0.31481481481481505
Y,"('LH518B_9', 'N2820', 1, 145.0)",0.31481481481481505,0.31481481481481505
Y,"('LH518B_9', 'N2868', 1, 147.0)",0.31481481481481505,0.31481481481481505
Y,"('LH518B_6', 'C0204', 1, 152.0)",0.31481481481481505,0.31481481481481505
Y,"('LH518B_6', 'C0206', 1, 154.0)",0.31481481481481505,0.31481481481481505
Y,"('LH518B_5', 'C0305', 1, 155.0)",0.31481481481481505,0.31481481481481505
Y,"('LH518B_4', 'C0442', 1, 157.0)",0.31481481481481505,0.31481481481481505
Y,"('LH518B_10', 'N2745', 1, 158.0)",0.31481481481481505,0.31481481481481505
Y,"('LH518B_12', 'N2593', 1, 159.0)",0.31481481481481505,0.31481481481481505
Y,"('LH518B_3', 'C0472', 1, 159.0)",0.31481481481481505,0.31481481481481505
Y,"('LH518B_6', 'C0233', 1, 159.0)",0.31481481481481505,0.31481481481481505
Y,"('LH518B_6', 'C0194', 1, 160.0)",0.31481481481481505,0.31481481481481505
Y,"('LH518B_2', 'C0527', 1, 163.0)",0.31481481481481505,0.31481481481481505
Y,"('LH518B_2', 'C0554', 1, 165.0)",0.31481481481481505,0.31481481481481505
Y,"('LH518B_6', 'C0199', 1, 109.0)",0.686494318080702,0.31350568191929795
Z,"('LH518B_8', 1, 45.0)",0.6884783197414162,0.31152168025858384
Y,"('LH518B_2', 'C0560', 1, 147.0)",0.6971645342118133,0.30283546578818665
Z,"('LH518B_2', 1, 147.0)",0.30283546578818665,0.30283546578818665
Z,"('LH518B_4', 1, 74.0)",0.6984584693556716,0.3015415306443284
Z,"('LH518B_9', 1, 33.0)",0.6992761089301944,0.30072389106980557
Y,"('LH518B_2', 'C0557', 1, 164.0)",0.7140129796051038,0.2859870203948962
Y,"('LH518B_8', 'C0088', 1, 157.0)",0.28526444262597633,0.28526444262597633
Y,"('LH518B_3', 'C0476', 1, 142.0)",0.2847906305976631,0.2847906305976631
Y,"('LH518B_3', 'C0477', 1, 142.0)",0.7152093694023369,0.2847906305976631
Y,"('LH518B_11', 'N2675', 1, 50.0)",0.2817487952598111,0.2817487952598111
Z,"('LH518B_11', 1, 50.0)",0.7182512047401889,0.2817487952598111
Sv,"('station_2', 1, 180.0, 179.0)",0.2815241832603771,0.2815241832603771
X_dch,"('station_2', 1, 179.0)",0.2815241832603771,0.2815241832603771
X_ini,"('station_2', 1, 179.0)",0.2815241832603771,0.2815241832603771
N_chargers,station_1,0.2815241832603766,0.2815241832603766
N_chargers,station_2,0.2815241832603766,0.2815241832603766
Sv,"('station_1', 1, 180.0, 179.0)",0.28152418326037526,0.28152418326037526
X_dch,"('station_1', 1, 179.0)",0.28152418326037526,0.28152418326037526
X_ini,"('station_1', 1, 179.0)",0.28152418326037526,0.28152418326037526
Y,"('LH518B_9', 'N2828', 1, 143.0)",0.2797902612519777,0.2797902612519777
Z,"('LH518B_9', 1, 143.0)",0.7202097387480223,0.2797902612519777
Y,"('LH518B_9', 'N2822', 1, 142.0)",0.27978610473858045,0.27978610473858045
Y,"('LH518B_12', 'N2601', 1, 61.0)",0.27415447655523445,0.27415447655523445
Z,"('LH518B_12', 1, 61.0)",0.7258455234447656,0.2741544765552344
Z,"('LH518B_7', 1, 162.0)",0.7300551268243625,0.26994487317563753
N_chargers,station_3,0.26782258801881986,0.26782258801881986
Sv,"('station_3', 1, 180.0, 179.0)",0.2678225880186539,0.2678225880186539
X_dch,"('station_3', 1, 179.0)",0.2678225880186539,0.2678225880186539
X_ini,"('station_3', 1, 179.0)",0.2678225880186539,0.2678225880186539
Y,"('LH518B_9', 'N2867', 1, 41.0)",0.2633219152793028,0.2633219152793028
Z,"('LH518B_9', 1, 41.0)",0.7366780847206972,0.2633219152793028
Z,"('LH518B_6', 1, 109.0)",0.25729390249349604,0.25729390249349604
Y,"('LH518B_8', 'C0050', 1, 45.0)",0.25503682408848555,0.25503682408848555
Y,"('LH518B_2', 'C0562', 1, 95.0)",0.7484705150044939,0.2515294849955061
Y,"('LH518B_2', 'C0559', 1, 95.0)",0.25152948499550604,0.25152948499550604
Y,"('LH518B_9', 'N2827', 1, 33.0)",0.2468641674105996,0.2468641674105996
X_dch,"('station_1', 1, 178.0)",0.24582984509448863,0.24582984509448863
S,"('station_1', 1, 2.0)",0.24246976963869782,0.24246976963869782
Z,"('LH518B_2', 1, 164.0)",0.23747043798025871,0.23747043798025871
Y,"('LH518B_12', 'N2599', 1, 38.0)",0.2314827013816102,0.2314827013816102
Z,"('LH518B_12', 1, 38.0)",0.7685172986183898,0.2314827013816102
Y,"('LH518B_10', 'N2748', 1, 54.0)",0.769524429295776,0.23047557070422398
Y,"('LH518B_4', 'C0414', 1, 111.0)",0.2294991252604527,0.2294991252604527
Z,"('LH518B_4', 1, 111.0)",0.7705008747395473,0.22949912526045269
Z,"('LH518B_7', 1, 49.0)",0.7709511682014385,0.2290488317985615
Y,"('LH518B_7', 'C0161', 1, 49.0)",0.22904883179856145,0.22904883179856145
Y,"('LH518B_1', 'C0617', 1, 19.0)",0.22881506838525126,0.22881506838525126
Z,"('LH518B_1', 1, 19.0)",0.7711849316147488,0.22881506838525123
Z,"('LH518B_3', 1, 30.0)",0.7711849316147488,0.22881506838525123
Z,"('LH518B_12', 1, 35.0)",0.7722269147453404,0.22777308525465956
Y,"('LH518B_5', 'C0316', 1, 114.0)",0.7746281819914218,0.2253718180085782
Z,"('LH518B_5', 1, 114.0)",0.2253718180085782,0.2253718180085782
Z,"('LH518B_2', 1, 53.0)",0.7746439932348068,0.22535600676519318
X_dch,"('station_2', 1, 178.0)",0.22531342962136902,0.22531342962136902
Y,"('LH518B_4', 'C0412', 1, 74.0)",0.2151217775579086,0.2151217775579086
X_dch,"('station_3', 1, 178.0)",0.21434757447012684,0.21434757447012684
Y,"('LH518B_7', 'C0123', 1, 162.0)",0.21373409933801318,0.21373409933801318
Y,"('LH518B_2', 'C0534', 1, 20.0)",0.21203950589927592,0.21203950589927592
Z,"('LH518B_2', 1, 20.0)",0.7879604941007241,0.2120395058992759
Z,"('LH518B_3', 1, 51.0)",0.7914314227639134,0.20856857723608657
Y,"('LH518B_3', 'C0508', 1, 51.0)",0.20856857723608654,0.20856857723608654
Y,"('LH518B_1', 'C0588', 1, 9.0)",0.7943836104470534,0.2056163895529466
Y,"('LH518B_3', 'C0503', 1, 7.0)",0.20377115396052614,0.20377115396052614
Z,"('LH518B_3', 1, 7.0)",0.7962288460394739,0.20377115396052614
Y,"('LH518B_1', 'C0585', 1, 162.0)",0.201890550037406,0.201890550037406
Z,"('LH518B_1', 1, 162.0)",0.798109449962594,0.20189055003740597
Y,"('LH518B_5', 'C0310', 1, 15.0)",0.20107699676838103,0.20107699676838103
Z,"('LH518B_5', 1, 15.0)",0.798923003231619,0.20107699676838098
Z,"('LH518B_5', 1, 51.0)",0.8009653840766835,0.1990346159233165
Y,"('LH518B_8', 'C0088', 1, 91.0)",0.8011553104604434,0.19884468953955658
Y,"('LH518B_6', 'C0238', 1, 165.0)",0.8011579980841396,0.19884200191586043
Z,"('LH518B_5', 1, 35.0)",0.8011587643613508,0.1988412356386492
Y,"('LH518B_5', 'C0273', 1, 35.0)",0.19884123563864917,0.19884123563864917
Z,"('LH518B_7', 1, 152.0)",0.8011601853360848,0.1988398146639152
Y,"('LH518B_7', 'C0159', 1, 152.0)",0.19883981466391518,0.19883981466391518
Z,"('LH518B_8', 1, 101.0)",0.8011605449872681,0.19883945501273192
Z,"('LH518B_8', 1, 61.0)",0.8012080156141878,0.19879198438581225
Y,"('LH518B_1', 'C0589', 1, 2.0)",0.19837087751124316,0.19837087751124316
Z,"('LH518B_1', 1, 2.0)",0.8016291224887568,0.19837087751124316
Y,"('LH518B_7', 'C0165', 1, 144.0)",0.8024691358024699,0.19753086419753008
Z,"('LH518B_7', 1, 144.0)",0.19753086419753008,0.19753086419753008
Z,"('LH518B_10', 1, 62.0)",0.8042899861881457,0.19571001381185427
Y,"('LH518B_4', 'C0411', 1, 163.0)",0.1951895760233231,0.1951895760233231
Y,"('LH518B_12', 'N2596', 1, 163.0)",0.19363044431552281,0.19363044431552281
Y,"('LH518B_12', 'N2602', 1, 163.0)",0.8063695556844772,0.1936304443155228
Y,"('LH518B_11', 'N2676', 1, 56.0)",0.19347998938836636,0.19347998938836636
Z,"('LH518B_11', 1, 56.0)",0.8065200106116337,0.1934799893883663
Y,"('LH518B_9', 'N2863', 1, 139.0)",0.19345172897223972,0.19345172897223972
Z,"('LH518B_9', 1, 139.0)",0.8065482710277603,0.19345172897223972
Y,"('LH518B_9', 'N2864', 1, 138.0)",0.19337080768131637,0.19337080768131637
Z,"('LH518B_9', 1, 138.0)",0.8066291923186837,0.19337080768131631
Y,"('LH518B_9', 'N2858', 1, 163.0)",0.8066311420947115,0.19336885790528846
Y,"('LH518B_9', 'N2865', 1, 163.0)",0.19336885790528846,0.19336885790528846
Z,"('LH518B_12', 1, 162.0)",0.8067520749711303,0.19324792502886967
Y,"('LH518B_10', 'N2749', 1, 48.0)",0.1921335687707463,0.1921335687707463
Z,"('LH518B_10', 1, 48.0)",0.8078664312292537,0.19213356877074628
Y,"('LH518B_6', 'C0203', 1, 94.0)",0.1848158606996019,0.1848158606996019
Z,"('LH518B_6', 1, 94.0)",0.8151841393003981,0.18481586069960187
Y,"('LH518B_1', 'C0584', 1, 143.0)",0.8176248922406482,0.18237510775935184
Y,"('LH518B_1', 'C0614', 1, 9.0)",0.18112024927993434,0.18112024927993434
Z,"('LH518B_10', 1, 54.0)",0.17708687638099666,0.17708687638099666
S,"('station_1', 1, 149.0)",0.1755992889985054,0.1755992889985054
X_dch,"('station_1', 1, 177.0)",0.17444116876271715,0.17444116876271715
Z,"('LH518B_2', 1, 101.0)",0.8260553711206575,0.17394462887934248
Y,"('LH518B_2', 'C0563', 1, 101.0)",0.17394462887934245,0.17394462887934245
S,"('station_1', 1, 148.0)",0.17371218708244732,0.17371218708244732
Z,"('LH518B_11', 1, 9.0)",0.8271604938271604,0.1728395061728396
Z,"('LH518B_3', 1, 24.0)",0.8271604938271604,0.1728395061728396
Y,"('LH518B_11', 'N2708', 1, 9.0)",0.17283950617283958,0.17283950617283958
Y,"('LH518B_3', 'C0478', 1, 24.0)",0.17283950617283958,0.17283950617283958
Y,"('LH518B_3', 'C0479', 1, 30.0)",0.17283950617283958,0.17283950617283958
Y,"('LH518B_12', 'N2600', 1, 35.0)",0.17283950617283958,0.17283950617283958
S,"('station_1', 1, 69.0)",0.17219548637925855,0.17219548637925855
Y,"('LH518B_3', 'C0481', 1, 54.0)",0.17199949285912663,0.17199949285912663
Y,"('LH518B_3', 'C0483', 1, 54.0)",0.8280005071408734,0.17199949285912663
X_dch,"('station_2', 1, 177.0)",0.16910267389613953,0.16910267389613953
S,"('station_2', 1, 2.0)",0.16874987273639416,0.16874987273639416
Sv,"('station_2', 1, 3.0, 2.0)",0.16874987273639416,0.16874987273639416
Sv,"('station_2', 1, 4.0, 2.0)",0.16874987273639416,0.16874987273639416
Sv,"('station_2', 1, 5.0, 2.0)",0.16874987273639416,0.16874987273639416
Sv,"('station_2', 1, 6.0, 2.0)",0.16874987273639416,0.16874987273639416
Sv,"('station_2', 1, 7.0, 2.0)",0.16874987273639416,0.16874987273639416
W,"('station_2', 1, 2.0)",0.16874987273639416,0.16874987273639416
X_dch,"('station_2', 1, 2.0)",0.16874987273639416,0.16874987273639416
X_ini,"('station_2', 1, 2.0)",0.16874987273639416,0.16874987273639416
Y,"('LH518B_2', 'C0559', 1, 8.0)",0.8348902680909137,0.1651097319090863
X_dch,"('station_3', 1, 177.0)",0.16087255893691924,0.16087255893691924
S,"('station_3', 1, 2.0)",0.16053692837573216,0.16053692837573216
Sv,"('station_3', 1, 3.0, 2.0)",0.16053692837573216,0.16053692837573216
Sv,"('station_3', 1, 4.0, 2.0)",0.16053692837573216,0.16053692837573216
Sv,"('station_3', 1, 5.0, 2.0)",0.16053692837573216,0.16053692837573216
Sv,"('station_3', 1, 6.0, 2.0)",0.16053692837573216,0.16053692837573216
Sv,"('station_3', 1, 7.0, 2.0)",0.16053692837573216,0.16053692837573216
W,"('station_3', 1, 2.0)",0.16053692837573216,0.16053692837573216
X_dch,"('station_3', 1, 2.0)",0.16053692837573216,0.16053692837573216
X_ini,"('station_3', 1, 2.0)",0.16053692837573216,0.16053692837573216
S,"('station_1', 1, 68.0)",0.1594363749748955,0.1594363749748955
S,"('station_1', 1, 3.0)",0.15647409372309629,0.15647409372309629
X_dch,"('station_1', 1, 121.0)",0.1531191022121487,0.1531191022121487
Z,"('LH518B_7', 1, 100.0)",0.8498849502625594,0.1501150497374406
Z,"('LH518B_12', 1, 43.0)",0.8520591807783664,0.1479408192216336
Y,"('LH518B_5', 'C0277', 1, 21.0)",0.14509514028181428,0.14509514028181428
Z,"('LH518B_5', 1, 21.0)",0.8549048597181858,0.14509514028181425
Y,"('LH518B_4', 'C0443', 1, 55.0)",0.14307937217403294,0.14307937217403294
Y,"('LH518B_4', 'C0414', 1, 55.0)",0.8569206278259671,0.14307937217403288
Z,"('LH518B_6', 1, 66.0)",0.8570754960670742,0.14292450393292577
Y,"('LH518B_6', 'C0237', 1, 66.0)",0.14292450393292574,0.14292450393292574
Y,"('LH518B_5', 'C0271', 1, 68.0)",0.14274267780884098,0.14274267780884098
Z,"('LH518B_5', 1, 68.0)",0.857257322191159,0.14274267780884098
Y,"('LH518B_6', 'C0241', 1, 163.0)",0.1426339188502856,0.1426339188502856
Y,"('LH518B_6', 'C0195', 1, 163.0)",0.8573660811497145,0.14263391885028553
Y,"('LH518B_8', 'C0053', 1, 164.0)",0.14263176519357784,0.14263176519357784
Z,"('LH518B_8', 1, 164.0)",0.8573682348064222,0.1426317651935778
Z,"('LH518B_5', 1, 20.0)",0.8573684337567703,0.1426315662432297
Y,"('LH518B_5', 'C0314', 1, 20.0)",0.14263156624322967,0.14263156624322967
Y,"('LH518B_6', 'C0242', 1, 165.0)",0.14263125320311112,0.14263125320311112
Z,"('LH518B_5', 1, 3.0)",0.8573687546646824,0.14263124533531757
Y,"('LH518B_5', 'C0276', 1, 3.0)",0.14263124533531754,0.14263124533531754
Z,"('LH518B_8', 1, 95.0)",0.8573690452640363,0.14263095473596366
Y,"('LH518B_8', 'C0049', 1, 95.0)",0.1426309547359636,0.1426309547359636
Y,"('LH518B_7', 'C0164', 1, 100.0)",0.14263079670706938,0.14263079670706938
Y,"('LH518B_5', 'C0278', 1, 51.0)",0.1426307254770571,0.1426307254770571
Z,"('LH518B_7', 1, 137.0)",0.8573693873106814,0.14263061268931865
Y,"('LH518B_7', 'C0166', 1, 154.0)",0.14263056281186196,0.14263056281186196
Z,"('LH518B_7', 1, 154.0)",0.8573694371881381,0.14263056281186193
Z,"('LH518B_5', 1, 98.0)",0.8573694745271796,0.1426305254728204
Y,"('LH518B_5', 'C0311', 1, 98.0)",0.14263052547282037,0.14263052547282037
Y,"('LH518B_8', 'C0051', 1, 91.0)",0.14263049999329888,0.14263049999329888
Y,"('LH518B_8', 'C0090', 1, 102.0)",0.14263047071386384,0.14263047071386384
Z,"('LH518B_8', 1, 102.0)",0.8573695292861362,0.1426304707138638
Z,"('LH518B_6', 1, 59.0)",0.8573696519211788,0.14263034807882125
Y,"('LH518B_6', 'C0200', 1, 59.0)",0.14263034807882122,0.14263034807882122
Y,"('LH518B_8', 'C0085', 1, 61.0)",0.14263031614325347,0.14263031614325347
Y,"('LH518B_8', 'C0046', 1, 101.0)",0.1426299706805858,0.1426299706805858
Y,"('LH518B_7', 'C0161', 1, 95.0)",0.8573709212878584,0.1426290787121416
Y,"('LH518B_7', 'C0128', 1, 95.0)",0.14262907871214156,0.14262907871214156
Y,"('LH518B_7', 'C0122', 1, 97.0)",0.1425650378080288,0.1425650378080288
Z,"('LH518B_7', 1, 97.0)",0.8574349621919712,0.14256503780802876
Z,"('LH518B_7', 1, 53.0)",0.857497602642706,0.14250239735729398
Z,"('LH518B_7', 1, 48.0)",0.8576046847011672,0.14239531529883276
Y,"('LH518B_7', 'C0162', 1, 48.0)",0.14239531529883273,0.14239531529883273
Z,"('LH518B_4', 1, 104.0)",0.8576046847011685,0.14239531529883154
Y,"('LH518B_2', 'C0536', 1, 53.0)",0.14239531529883148,0.14239531529883148
Y,"('LH518B_4', 'C0447', 1, 164.0)",0.14239531529883148,0.14239531529883148
Y,"('LH518B_3', 'C0504', 1, 164.0)",0.14239531529883143,0.14239531529883143
Y,"('LH518B_3', 'C0476', 1, 164.0)",0.8576046847011686,0.14239531529883143
Y,"('LH518B_10', 'N2783', 1, 62.0)",0.14223944811113723,0.14223944811113723
Y,"('LH518B_10', 'N2752', 1, 53.0)",0.14203778334410724,0.14203778334410724
Z,"('LH518B_10', 1, 53.0)",0.8579622166558928,0.14203778334410722
Z,"('LH518B_11', 1, 30.0)",0.8579838215355013,0.14201617846449865
Y,"('LH518B_3', 'C0475', 1, 163.0)",0.14051463271153836,0.14051463271153836
Z,"('LH518B_3', 1, 163.0)",0.8594853672884617,0.1405146327115383
Y,"('LH518B_11', 'N2671', 1, 11.0)",0.14017445519339036,0.14017445519339036
Z,"('LH518B_12', 1, 71.0)",0.8600861383300193,0.13991386166998065
Y,"('LH518B_9', 'N2828', 1, 92.0)",0.860104523217941,0.13989547678205905
Y,"('LH518B_9', 'N2859', 1, 92.0)",0.139895476782059,0.139895476782059
Y,"('LH518B_9', 'N2824', 1, 42.0)",0.1398954692971857,0.1398954692971857
