node,min_n_trips,max_n_trips,mean_n_trips,effective_trips_per_assignment
C0044,4,4,4.0,4
C0045,4,4,4.0,4
C0046,3,3,3.0,3
C0047,3,3,3.0,3
C0048,3,3,3.0,3
C0049,3,3,3.0,3
C0050,3,3,3.0,3
C0051,3,3,3.0,3
C0052,3,3,3.0,3
C0053,3,3,3.0,3
C0054,4,4,4.0,4
C0055,4,4,4.0,4
C0056,4,4,4.0,4
C0082,4,4,4.0,4
C0083,4,4,4.0,4
C0084,3,3,3.0,3
C0085,3,3,3.0,3
C0086,3,3,3.0,3
C0087,3,3,3.0,3
C0088,3,3,3.0,3
C0089,3,3,3.0,3
C0090,3,3,3.0,3
C0091,3,3,3.0,3
C0092,4,4,4.0,4
C0093,4,4,4.0,4
C0119,4,4,4.0,4
C0120,4,4,4.0,4
C0121,3,3,3.0,3
C0122,3,3,3.0,3
C0123,3,3,3.0,3
C0124,3,3,3.0,3
C0125,3,3,3.0,3
C0126,3,3,3.0,3
C0127,3,3,3.0,3
C0128,3,3,3.0,3
C0129,4,4,4.0,4
C0130,4,4,4.0,4
C0131,4,4,4.0,4
C0157,4,4,4.0,4
C0158,4,4,4.0,4
C0159,3,3,3.0,3
C0160,3,3,3.0,3
C0161,3,3,3.0,3
C0162,3,3,3.0,3
C0163,3,3,3.0,3
C0164,3,3,3.0,3
C0165,3,3,3.0,3
C0166,3,3,3.0,3
C0167,3,3,3.0,3
C0168,4,4,4.0,4
C0194,4,4,4.0,4
C0195,4,4,4.0,4
C0196,3,3,3.0,3
C0197,3,3,3.0,3
C0198,3,3,3.0,3
C0199,3,3,3.0,3
C0200,3,3,3.0,3
C0201,3,3,3.0,3
C0202,3,3,3.0,3
C0203,3,3,3.0,3
C0204,4,4,4.0,4
C0205,4,4,4.0,4
C0206,4,4,4.0,4
C0232,4,4,4.0,4
C0233,4,4,4.0,4
C0234,4,4,4.0,4
C0235,3,3,3.0,3
C0236,3,3,3.0,3
C0237,3,3,3.0,3
C0238,3,3,3.0,3
C0239,3,3,3.0,3
C0240,3,3,3.0,3
C0241,3,3,3.0,3
C0242,3,3,3.0,3
C0243,3,3,3.0,3
C0268,4,4,4.0,4
C0269,4,4,4.0,4
C0270,3,3,3.0,3
C0271,3,3,3.0,3
C0272,3,3,3.0,3
C0273,3,3,3.0,3
C0274,3,3,3.0,3
C0275,3,3,3.0,3
C0276,3,3,3.0,3
C0277,3,3,3.0,3
C0278,3,3,3.0,3
C0279,4,4,4.0,4
C0280,4,4,4.0,4
C0305,4,4,4.0,4
C0306,4,4,4.0,4
C0307,4,4,4.0,4
C0308,3,3,3.0,3
C0309,3,3,3.0,3
C0310,3,3,3.0,3
C0311,3,3,3.0,3
C0312,3,3,3.0,3
C0313,3,3,3.0,3
C0314,3,3,3.0,3
C0315,3,3,3.0,3
C0316,3,3,3.0,3
C0409,4,4,4.0,4
C0410,4,4,4.0,4
C0411,3,3,3.0,3
C0412,3,3,3.0,3
C0413,3,3,3.0,3
C0414,3,3,3.0,3
C0415,3,3,3.0,3
C0416,3,3,3.0,3
C0417,3,3,3.0,3
C0418,3,3,3.0,3
C0419,4,4,4.0,4
C0440,4,4,4.0,4
C0441,4,4,4.0,4
C0442,4,4,4.0,4
C0443,3,3,3.0,3
C0444,3,3,3.0,3
C0445,3,3,3.0,3
C0446,3,3,3.0,3
C0447,3,3,3.0,3
C0448,3,3,3.0,3
C0449,3,3,3.0,3
C0450,3,3,3.0,3
C0451,4,4,4.0,4
C0472,4,4,4.0,4
C0473,4,4,4.0,4
C0474,3,3,3.0,3
C0475,3,3,3.0,3
C0476,3,3,3.0,3
C0477,3,3,3.0,3
C0478,3,3,3.0,3
C0479,3,3,3.0,3
C0480,3,3,3.0,3
C0481,3,3,3.0,3
C0482,4,4,4.0,4
C0483,4,4,4.0,4
C0499,4,4,4.0,4
C0500,4,4,4.0,4
C0501,4,4,4.0,4
C0502,3,3,3.0,3
C0503,3,3,3.0,3
C0504,3,3,3.0,3
C0505,3,3,3.0,3
C0506,3,3,3.0,3
C0507,3,3,3.0,3
C0508,3,3,3.0,3
C0509,3,3,3.0,3
C0510,4,4,4.0,4
C0527,4,4,4.0,4
C0528,4,4,4.0,4
C0529,3,3,3.0,3
C0530,3,3,3.0,3
C0531,3,3,3.0,3
C0532,3,3,3.0,3
C0533,3,3,3.0,3
C0534,3,3,3.0,3
C0535,3,3,3.0,3
C0536,3,3,3.0,3
C0537,4,4,4.0,4
C0538,4,4,4.0,4
C0554,4,4,4.0,4
C0555,4,4,4.0,4
C0556,4,4,4.0,4
C0557,3,3,3.0,3
C0558,3,3,3.0,3
C0559,3,3,3.0,3
C0560,3,3,3.0,3
C0561,3,3,3.0,3
C0562,3,3,3.0,3
C0563,3,3,3.0,3
C0564,3,3,3.0,3
C0565,3,3,3.0,3
C0582,4,4,4.0,4
C0583,4,4,4.0,4
C0584,3,3,3.0,3
C0585,3,3,3.0,3
C0586,3,3,3.0,3
C0587,3,3,3.0,3
C0588,3,3,3.0,3
C0589,3,3,3.0,3
C0590,3,3,3.0,3
C0591,3,3,3.0,3
C0592,4,4,4.0,4
C0593,4,4,4.0,4
C0610,4,4,4.0,4
C0611,4,4,4.0,4
C0612,4,4,4.0,4
C0613,3,3,3.0,3
C0614,3,3,3.0,3
C0615,3,3,3.0,3
C0616,3,3,3.0,3
C0617,3,3,3.0,3
C0618,3,3,3.0,3
C0619,3,3,3.0,3
C0620,3,3,3.0,3
N2593,4,4,4.0,4
N2594,4,4,4.0,4
N2595,3,3,3.0,3
N2596,3,3,3.0,3
N2597,3,3,3.0,3
N2598,3,3,3.0,3
N2599,3,3,3.0,3
N2600,3,3,3.0,3
N2601,3,3,3.0,3
N2602,3,3,3.0,3
N2603,3,3,3.0,3
N2630,4,4,4.0,4
N2631,4,4,4.0,4
N2632,3,3,3.0,3
N2633,3,3,3.0,3
N2634,3,3,3.0,3
N2635,3,3,3.0,3
N2636,3,3,3.0,3
N2637,3,3,3.0,3
N2638,3,3,3.0,3
N2639,3,3,3.0,3
N2640,4,4,4.0,4
N2668,4,4,4.0,4
N2669,4,4,4.0,4
N2670,4,4,4.0,4
N2671,3,3,3.0,3
N2672,3,3,3.0,3
N2673,3,3,3.0,3
N2674,3,3,3.0,3
N2675,3,3,3.0,3
N2676,3,3,3.0,3
N2677,3,3,3.0,3
N2678,3,3,3.0,3
N2679,4,4,4.0,4
N2705,4,4,4.0,4
N2706,4,4,4.0,4
N2707,4,4,4.0,4
N2708,3,3,3.0,3
N2709,3,3,3.0,3
N2710,3,3,3.0,3
N2711,3,3,3.0,3
N2712,3,3,3.0,3
N2713,3,3,3.0,3
N2714,3,3,3.0,3
N2715,3,3,3.0,3
N2716,4,4,4.0,4
N2744,4,4,4.0,4
N2745,4,4,4.0,4
N2746,4,4,4.0,4
N2747,3,3,3.0,3
N2748,3,3,3.0,3
N2749,3,3,3.0,3
N2750,3,3,3.0,3
N2751,3,3,3.0,3
N2752,3,3,3.0,3
N2753,3,3,3.0,3
N2754,3,3,3.0,3
N2755,4,4,4.0,4
N2781,4,4,4.0,4
N2782,4,4,4.0,4
N2783,3,3,3.0,3
N2784,3,3,3.0,3
N2785,3,3,3.0,3
N2786,3,3,3.0,3
N2787,3,3,3.0,3
N2788,3,3,3.0,3
N2789,3,3,3.0,3
N2790,3,3,3.0,3
N2791,3,3,3.0,3
N2792,4,4,4.0,4
N2820,4,4,4.0,4
N2821,4,4,4.0,4
N2822,3,3,3.0,3
N2823,3,3,3.0,3
N2824,3,3,3.0,3
N2825,3,3,3.0,3
N2826,3,3,3.0,3
N2827,3,3,3.0,3
N2828,3,3,3.0,3
N2829,3,3,3.0,3
N2830,3,3,3.0,3
N2831,4,4,4.0,4
N2857,4,4,4.0,4
N2858,4,4,4.0,4
N2859,3,3,3.0,3
N2860,3,3,3.0,3
N2861,3,3,3.0,3
N2862,3,3,3.0,3
N2863,3,3,3.0,3
N2864,3,3,3.0,3
N2865,3,3,3.0,3
N2866,3,3,3.0,3
N2867,3,3,3.0,3
N2868,4,4,4.0,4
