n,estacion,lhd,d,t,Bmax,B_t-1,B_t,E_pre,E_post,Delta_intervalo,asignado_punto_extraccion,punto_extraccion
1,station_2,LH518B_8,60,10,353.0,113.30483232538005,353.0,239.69516767461994,0,239.69516767461994,0,
2,station_3,LH518B_9,60,11,353.0,114.39415676646477,353.0,238.6058432335352,0,238.6058432335352,0,
3,station_1,LH518B_3,60,13,353.0,140.892552942045,353.0,212.107447057955,0,212.107447057955,0,
4,station_2,LH518B_6,60,19,353.0,250.76815813342282,353.0,102.23184186657718,0,102.23184186657718,0,
5,station_1,LH518B_1,60,21,353.0,124.13781026216033,353.0,228.86218973783969,0,228.86218973783969,0,
6,station_2,LH518B_5,60,29,353.0,158.25692632335796,339.43270508934637,194.74307367664204,13.56729491065363,181.1757787659884,1,C0273
7,station_3,LH518B_12,60,29,353.0,87.32356090674745,342.2851637371554,265.67643909325255,10.714836262844585,254.96160283040797,1,N2603
8,station_2,LH518B_7,60,34,353.0,166.00934558148518,339.4085883879366,186.99065441851482,13.591411612063382,173.39924280645144,1,C0162
9,station_1,LH518B_2,60,35,353.0,155.76863179286718,342.3708559925788,197.23136820713282,10.62914400742119,186.60222419971163,1,C0565
10,station_3,LH518B_10,60,35,353.0,109.96457004386887,338.6525252545299,243.0354299561311,14.347474745470095,228.68795521066102,1,N2787
11,station_1,LH518B_4,60,42,353.0,72.52973325826514,353.0,280.47026674173486,0,280.47026674173486,0,
12,station_3,LH518B_11,60,46,353.0,97.3231116534824,341.6018571972084,255.67688834651761,11.398142802791597,244.27874554372602,1,N2678
13,station_2,LH518B_5,60,51,353.0,153.6399178201344,342.3789621115718,199.3600821798656,10.62103788842819,188.7390442914374,1,C0278
14,station_1,LH518B_1,60,55,353.0,79.09140186955608,353.0,273.9085981304439,0,273.9085981304439,0,
15,station_3,LH518B_9,60,56,353.0,102.98900190870694,353.0,250.01099809129306,0,250.01099809129306,0,
16,station_2,LH518B_8,60,60,353.0,102.60577451482268,353.0,250.39422548517732,0,250.39422548517732,0,
17,station_3,LH518B_12,60,65,353.0,135.49702916284622,339.7644381025131,217.50297083715378,13.235561897486889,204.2674089396669,1,N2598
18,station_2,LH518B_6,60,66,353.0,84.52628735797434,341.26557439648803,268.47371264202565,11.734425603511966,256.7392870385137,1,C0242
19,station_1,LH518B_3,60,68,353.0,76.28893757935968,341.1597176713665,276.7110624206403,11.84028232863352,264.8707800920068,1,C0475
20,station_3,LH518B_10,60,75,353.0,76.08211446387742,341.6535797129442,276.9178855361226,11.346420287055821,265.57146524906676,1,N2747
21,station_1,LH518B_4,60,77,353.0,112.79038457405969,353.0,240.2096154259403,0,240.2096154259403,0,
22,station_2,LH518B_6,60,79,353.0,229.5062246770267,353.0,123.4937753229733,0,123.4937753229733,0,
23,station_2,LH518B_7,60,86,353.0,71.72553621780331,353.0,281.2744637821967,0,281.2744637821967,0,
24,station_1,LH518B_2,60,87,353.0,77.56709975844909,353.0,275.4329002415509,0,275.4329002415509,0,
25,station_3,LH518B_12,60,101,353.0,120.51237584429776,353.0,232.48762415570224,0,232.48762415570224,0,
26,station_1,LH518B_1,60,105,353.0,123.62300436449583,353.0,229.37699563550416,0,229.37699563550416,0,
27,station_2,LH518B_8,60,108,353.0,108.64604993142677,353.0,244.35395006857323,0,244.35395006857323,0,
28,station_3,LH518B_9,60,110,353.0,112.88065245899938,353.0,240.11934754100062,0,240.11934754100062,0,
29,station_1,LH518B_3,60,116,353.0,151.31272664524406,353.0,201.68727335475594,0,201.68727335475594,0,
30,station_3,LH518B_11,60,117,353.0,70.71618623194638,339.3267056889002,282.2838137680536,13.673294311099824,268.6105194569538,1,N2716
31,station_2,LH518B_5,60,120,353.0,71.01890267064044,341.1966936199387,281.98109732935956,11.803306380061315,270.17779094929824,1,C0280
32,station_1,LH518B_4,60,122,353.0,186.74850608087658,339.1151013022715,166.25149391912342,13.884898697728488,152.36659522139493,1,C0447
33,station_2,LH518B_7,60,126,353.0,122.8648063310637,340.29286743962774,230.1351936689363,12.707132560372258,217.42806110856404,1,C0161
34,station_3,LH518B_11,60,126,353.0,232.2404076725169,339.64385459546435,120.75959232748309,13.356145404535653,107.40344692294744,1,N2674
35,station_2,LH518B_6,60,131,353.0,101.64914535890233,353.0,251.35085464109767,0,251.35085464109767,0,
36,station_1,LH518B_2,60,135,353.0,107.94784062573126,353.0,245.05215937426874,0,245.05215937426874,0,
37,station_3,LH518B_10,60,136,353.0,97.91778454187924,339.40470527706157,255.08221545812074,13.595294722938434,241.4869207351823,1,N2792
38,station_3,LH518B_12,60,144,353.0,96.63298534368467,353.0,256.36701465631535,0,256.36701465631535,0,
39,station_1,LH518B_1,60,152,353.0,118.62177425627695,353.0,234.37822574372305,0,234.37822574372305,0,
40,station_3,LH518B_9,60,154,353.0,101.66991300152588,353.0,251.33008699847412,0,251.33008699847412,0,
41,station_2,LH518B_8,60,155,353.0,95.3034627037262,340.13208943022937,257.6965372962738,12.867910569770629,244.82862672650316,1,C0086
42,station_1,LH518B_3,60,157,353.0,78.85019829704628,338.954323292863,274.1498017029537,14.045676707136977,260.10412499581673,1,C0506
43,station_2,LH518B_5,60,161,353.0,71.24564225146301,339.62642839481447,281.754357748537,13.373571605185532,268.3807861433515,1,C0269
44,station_1,LH518B_4,60,163,353.0,73.67955530837432,341.883218713659,279.32044469162565,11.116781286340995,268.20366340528466,1,C0411
45,station_3,LH518B_10,60,163,353.0,143.11546207006063,339.9136880985291,209.88453792993937,13.086311901470879,196.7982260284685,1,N2752
46,station_2,LH518B_7,60,172,353.0,75.16302684216849,353.0,277.8369731578315,0,277.8369731578315,0,
47,station_2,LH518B_6,60,178,353.0,123.3097231034647,353.0,229.6902768965353,0,229.6902768965353,0,
48,station_1,LH518B_2,60,180,353.0,119.1442289447898,353.0,233.8557710552102,0,233.8557710552102,0,
49,station_3,LH518B_11,60,180,353.0,70.88677911449659,353.0,282.11322088550344,0,282.11322088550344,0,
